Review,Sentiment
मेरे ट्रैन का बुकिंग फेल हो रहा है बार बार ,angry
मेरे फ्लाइट  का बुकिंग फेल हो रहा है बार बार ,angry
क्या बेकार की बातें कर रहे हो ,angry
क्या बताओ यार मूड ही ख़राब है ,angry
आप ऐसे कैसे मेरा पैसा काट सकते हो ,angry
इनके सीनियर एग्जीक्यूटिव से कम्प्लेन करनी पड़ेगी ,angry
मेरा बैलेंस कैसे ख़तम हो सकता है पागल  ,angry
ये कैसा घटिया प्लान है ,angry
गधे के बच्चे बता ये प्रॉब्लम कैसे सॉल्व करूँ मैं ,angry
मैंने 10 बार कम्प्लेन की है लेकिन कुछ हल नहीं निकल रहा ,angry
आप अपनी सर्विस अपने पास रखो ,angry
अपना पैक अपने पास रख ,angry
कितनी बार बोला की मेरा डिश टीवी रिचार्ज करना है ,angry
कुछ भी बोल रहे हो यार ,angry
एक बार में समझ नहीं आया बोला रिचार्ज करने तो ,angry
अबे रिचार्ज कर चुप चाप से ,angry
दिमाग मत ख़राब कर और जल्दी रिचार्ज कर ,angry
कहाँ से होगा बे तेरा रिचार्ज  ,angry
जल्दी कर यार तू रिचार्ज लौड़े ,angry
जल्दी डलवा मेरे पैसे इडियट ,angry
गवार तू जल्दी रिचार्ज करेगा ,angry
मेरा दिमाग ख़राब मत कर और तुरंत रिचार्ज कर   ,angry
साले मेरा पैसा कब तक आएगा ,angry
चुप चाप मेरे पैसे लौटा ,angry
यार बार बार इंडिका ही क्यों बुक होता है ,angry
नहीं डलवाऊँगा पैसे मैं साले चोर ,angry
जा नहीं करा रहा मैं रिचार्ज ,angry
तू बस अपना पैक्स डिटेल्स दे नालायक ,angry
क्या बकवास पैक्स हैं ,angry
एक ही बात कितने बार बोलोगे ,angry
कब तक एक ही बात बोलोगे ,angry
होते कौन हो आप ऐसा करने वाले ,angry
कुछ भी करके मेरे पैसे रिवर्ट कराओ ,angry
ऐसे कैसे चैनल्स बंद कर दिए आप ,angry
मेरा दिमाग खराब हो गया है इसे रास्ता बताते ,angry
कैसी घटिया सर्विस है तुम्हारी ,angry
तू गधा है क्या ,angry
मुझे बहुत गुस्सा आ रहा है ,angry
ये कैब वाला कहा मर गया ,angry
और कितना इंतज़ार करवाओगे भाई ,angry
 तुझे एक बार मैं समझ नहीं आता क्या ,angry
यार क्या बकवास कर रहे हो तुम ,angry
बहुत ही घटिया एप्प है तुम्हारा ,angry
क्या बतमीज़ी है यार ,angry
एक भी सही चीज नहीं बताई तुमने,angry
तेरे को एक बार में समझ में नहीं आती क्या ,angry
एप्प बार बार फस क्यों रहा है ,angry
बहुत कन्फुसिंग इंटरफ़ेस है तुम्हारा ,angry
मुझे कुछ समझ में नहीं आ रहा है ,angry
ये कैब कहा रह गया यार ,angry
मुझे तुम से बहुत शिकायत है ,angry
अबे चूतियों वाली बातें मत करो ,angry
कैब वाले ने फिर से कैंसिल कर दिया,angry
मेरी कैब क्यों नहीं आ रही है ,angry
मै तुमसे बहुत क्रोधित हु ,angry
टट्टी एप है ये ,angry
बार बार एक ही चीज़ बोले जा रहे हो ,angry
दिमाग खराब कर दिया ,angry
कोई काम के नहीं हो तुम ,angry
कितनी बार एक ही चीज़ बोलनी पड़ेगी ,angry
कुछ काम का नहीं है ये एप ,angry
कभी तो समझ जा एक बार मे ,angry
अबे गांडू हो क्या ?,angry
यूज़लेस एप ,angry
बहुत ही बकवास वेबसाइट है तुम्हारा भाई ,angry
तुमसे नहीं हो पायेगा ,angry
मेरा टाइम बर्बाद कर दिया ,angry
तुमसे अच्छा तोह मै खुद ही कर लूं,angry
तबसे एक काम नहीं  कर पा रहे हो तुम ,angry
तुमसे अच्छा गधे से काम करा लूं,angry
चुतियापा बंध करो तुम्हारा ,angry
कभी तो काम के आओ तुम ,angry
यूज़लेस ,angry
वेस्ट ऑफ टाइम,angry
घटिया सर्विस ,angry
क्या फालतू इंटरफ़ेस है तुम्हारे एप्प का ,angry
क्या पागलपंती है ये ,angry
पागल बना रखा है इस एप ने ,angry
क्या बेकार रिस्पांस है इस एप का ,angry
अजीब पागल हो तुम बे ,angry
व्हाट ध फ़क ,angry
तुम्हारे वजह से बेज़त्ति हो गयी मेरी,angry
कम ऑन मैन ,angry
बहुत टाइम लग रहा है बुक हने मे ,angry
फ़क ऑफ़ ,angry
मै तंग आ चुका हू ,angry
दुनिया का सबसे बेकार एप्प है तुम्हारा ,angry
बहुत परेशान करता है ये एप ,angry
चूतिया है क्या ? ,angry
मुझे तुमसे बात नहीं करनी है ,angry
अबे भोसड़ीके ,angry
जो बोला वो क्यों नहीं करते हो ? ,angry
बहनचोद  ,angry
साले मादरचोद हो तुम ,angry
हरामी ,angry
मादरचोद ,angry
क्या लूज़र सा एप है ,angry
क्या बेकार अप्प है ,angry
तुम कभी कुछ समझते ही नहीं हो ,angry
तुम एक दम बेवक़ूफ़ हो ,angry
ऐसा लग रहा है दीवार से बात कर रहा हु ,angry
तुम सबसे वाहियाद हो ,angry
कमीने ,angry
एकदम बेकार ,angry
गवार एप ,angry
हरामज़ादे ,angry
लंड जैसा काम किया तुमने ,angry
कुछ भी नहीं बको बे ,angry
ये क्या बकवास है ,angry
तुमको कुछ समझ में नहीं आता क्या बहनचोद  ,angry
लंड बॉट है ये ,angry
गए गुजरे हो तुम हरामजादे,angry
तुमसे कोई काम न होता भोसड़ीके ,angry
तुम किसी काम के नहीं हो बहनचोद ,angry
यार क्या घटिया सर्विस है ,angry
कहा मर गए ,angry
अरे ये चैनल्स क्यों नहीं आ रहा चूतिये ,angry
अरे ये चैनल कैसे लॉक हो गया गधे ,angry
ये चैनल्स का रेट इतना ज्यादा क्यों कर देते है बार बार ,angry
कैब ड्राइवर के अगेंस्ट एक कंप्लेन करो,angry
इतना मेहेंगा क्यों भोस्डिके ,angry
अभी तक साले ने डिलीवरी नहीं दी ,angry
क्या वाहियात है यार ,angry
अबे क्या मुझे तू उल्लू समझ रहा है ,angry
ओय मुझे गधा समझा है क्या ,angry
हमेशा ऐसे कैसे हो जाता है बेवकूफ एप,angry
इत्ता परेशान मै पहले कभी नहीं हुआ ,angry
अपने आप को समझ क्या रखा है तूने कुत्ते ,angry
अबे ये एप्प कितना फसता है ,angry
यार कुछ पल्ले ही नहीं पर रहा ,angry
बढ़िया डील मिला हमे ,happy
होटल तो लाजवाब है ,happy
यह होटल काफी अच्छा था ,happy
इतना अच्छा सर्विस दिया तो ख़ुशी से मै और पैसे दे दूँ ,happy
यार ये बहुत सही चीज़ है ,happy
यार ये तो मख्खन जैसा काम करता है ,happy
बहुत खूब ,happy
बहुत बढ़िया हुआ कि पैसे समय से पहले आ गए ,happy
मुझे तो ये एप्प बहुत अच्छा लगता है ,happy
"मज़ा आ गया भाई , पैसे ख़तम भी हो गए पर चैनल्स अभी भी चल रहे ",happy
इतने काम पैसे में इतना चैनल्स ,happy
मैं बिलकुल संतुष्ट हूँ इनके सर्विस से ,happy
ऐसे ही सर्विस हमेशा रहे तो क्या बात है ,happy
धन्यवाद भाई ,happy
अरे वाह क्या सर्विस है ,happy
वाह लाजवाब ,happy
शुक्रिया रिचार्ज करने के लिए दोस्त ,happy
पैसे डलवाने के लिए शुक्रिया यारा ,happy
पैसे डलवाने के लिए धन्यवाद मेरे यार ,happy
धन्यवाद मैं खुश हुआ ,happy
बहुत अच्छा भाई ,happy
रिचार्ज करने के लिए धन्यवाद मेरे हीरो ,happy
खुश हुआ मैं ,happy
अरे वाह क्या बात है ,happy
क्या बात है यार बढ़िया होटल मिल गया ,happy
अच्छा हुआ अकाउंट बंद नहीं हुआ ,happy
तुम्हरा कोटि कोटि धन्यवाद मेरा अकाउंट रजिस्टर करने के लिए ,happy
तुम्हरा कोटि कोटि धन्यवाद मेरा मोबाइल नंबर रजिस्टर करने के लिए ,happy
वाओ ! ! ! यार क्या चीज़ बताई है तुमने,happy
यीपी  ! ! ! मुझे सस्ती फ्लाइट मिल ,happy
वाह ! ! ! क्या मौसम है ,happy
हुर्रे ! ! ! क्या डील मिली है !,happy
वाओ ! !  ,happy
वूहू ! !,happy
ओए होए ! ! ! ,happy
नाइस ,happy
आ हा ! ! ! क्या बात है ,happy
वाह ! ! ! सस्ती चीज बता दी यार,happy
यीपी ! ! ! मै जल्दी घर आ गया ,happy
वूहू ! ! मज़ा आ गया ,happy
हुर्रे ! ! ! एक नंबर कूपन मिल गया ,happy
आये होये ! ! ! आज तो तूने दिल जीत लिया भाई ,happy
मेरा ट्रैन टिकट बुक हो गया वाओ ! !  ,happy
वाओ बैंगलोर की ट्रेन मिल गई,happy
वाओ ! ! मेरी ट्रेन जल्दी आ,happy
यीपी ! ! ! मेरा फ्लाइट आखिरकार बुक हो गया ,happy
बढ़िया काम किया भाई ,happy
बैंगलोर की ट्रेन मिल गई यीपी ,happy
ऑटो मिल गया  यीपी ,happy
अच्छी कैब मिल गयी  वाह ! !,happy
मस्त बारिश हुई आज वाह ,happy
मुझे फ्लाइट का टिकट मिल गया वाह ,happy
ओए होए ! ! मेरा ट्रैन टिकट बुक हो गया ,happy
ओए होए सारथी तुमने बहुत अच्छा काम किया,happy
मेरा फ्लाइट आखिरकार बुक हो गया हुर्रे ! ! ,happy
हुर्रे मस्त कैब मिल गयी ,happy
आ हा ! सारथी तुम बेस्ट हो ,happy
मदद करने के लिए शुक्रिया ,happy
आ हा सारथी तुम लाजवाब हो ,happy
तुम बहुत अच्छे हो ,happy
क्या कमल कर दिया तूने ,happy
अरे वाह इतनी जल्दी हो भी गया ,happy
अच्छा काम किया भाई ,happy
एक नंबर ऑफर मिला है,happy
गुड जॉब ,happy
थैंक्स सारथि,happy
यह तो बहुत अच्छा ऐप है,happy
आज का मौसम बहुत बढ़िया है यार ,happy
कितना खूबसूरत होटल था ,happy
मस्त होटल था यार ,happy
लाजवाब जगह था वह ,happy
ये काम बहुत अच्छा किया तूने ,happy
गज़ब का होटल था ,happy
फ्लाइट में बहुत मज़ा आया,happy
बेहतरीन ऐप है भाई,happy
ट्रैन की यात्रा  काफी अच्छी थी ,happy
भाई तूने मेरी बहुत हेल्प की है ,happy
एक नंबर काम किया है भाई तूने,happy
कैब ड्राइवर बहुत हेल्पिंग था ,happy
तुम तो लाजवाब हो ,happy
दिल खुश कर दिया तूने ,happy
इतना सुन्दर होटल है ,happy
मन प्रसन्न हो गया मेरा ,happy
मै खुश हुआ ,happy
हेल्प करने के लिए धन्यवाद ,happy
तुम्हारी सर्विस से हम खुश है,happy
वैरी गुड ,happy
थैंक्यू वैरी मच ,happy
धन्यवाद मेरे भाई ,happy
धन्यवाद सारथि ,happy
तुम बहुत स्मार्ट हो ,happy
तुम बढ़िया हो यार ,happy
काफी मदद कर दी तूने,happy
बहुत ही बढ़िया ,happy
बेहतरीन ,happy
ये होटल अच्छा है ,happy
शुक्रिया तुम्हारा ,happy
बहुत अच्छा कैब ड्राइवर था ,happy
यू अरे सो स्वीट ,happy
तुम तोह काफी इंटेलीजेंट हो ,happy
क्या सही एप है ये ,happy
अरे बढ़िया ,happy
ग्रेट एप ,happy
आय एम इम्प्रेस्सड  ,happy
बहुत ही उन्दा ,happy
थैंक्यू सो मच ,happy
दिल जीत लिया तूने ,happy
यू आर द बेस्ट,happy
तुमने तो कमाल कर दिया ,happy
सारथी की जय हो,happy
मेहरबानी आपकी,happy
तुम बढ़िया हो यार ,happy
बड़े मज़ेदार हो तुम ,happy
क्या जोरदार काम किया है भाई,happy
सुन्दर एप है ,happy
तुम्हारे काम की दाद देता हूँ,happy
माशा अल्लाह ,happy
तुमने मन प्रफुल्लित कर दिया ,happy
वाह भाई क्या बढ़िया डील मिली है ,happy
यू आर गुड ,happy
लाजवाब ,happy
गुड सर्विस ,happy
ये तो अच्छा है ,happy
शाबाश ,happy
बहुत मज़ा आया ,happy
बेस्ट हो तुम  ,happy
मदद के लिए धन्यवाद ,happy
ऐसी सर्विस की उम्मीद थी आपसे ,happy
आपसे बात करके अच्छा लगा ,happy
अच्छे बुकिंग के लिए धन्यवाद ,happy
आश्चर्यचकित कर दिया तुमने ,happy
तू तो बहुत समझदार है ,happy
मेरी यात्रा कुशल मंगल थी धन्यवाद  ,happy
तुम्हारा कोई जवाब नहीं सारथी,happy
तुम बड़े मज़ेदार हो ,happy
माशा अल्लाह क्या काम किया है तुमने ,happy
तुम्हारे काम का कोई जवाब नहीं सारथी शाबाश,happy
हंसते हंसते मर न जाऊं मै,happy
थैंक्स ,happy
वाकई तारीफ के काबिल है ,happy
थैंकयू सारथी! आय लव यू ! ,happy
अरे वाह ,happy
क्या बात है ,happy
सही है ,happy
मजा आ गया यार ,happy
कितना सही अप्प है यार ,happy
वाह यार सही डिस्काउंट चल रहा ,happy
ये मज़ेदार है ,happy
मै तो बहुत खुश हूँ ये एप्प यूस करके ,happy
इन चैनल्स की क्लैरिटी सच में बहुत अच्छी है ,happy
आज तो काफी अच्छा ऑफर चल रहे ,happy
एक कैब बुक करदो ,neutral
जल्दी एक ट्रैन का टिकट बुक करो ,neutral
आज का मौसम कैसा है ,neutral
क्या रिचार्ज करना चाहिए ,neutral
बार बार रीस्टार्ट करने से भी वही दिखा रहा *,neutral
अंतिम समय कब तक है रिचार्ज करने की ,neutral
ये चैनल कैसे चालू करूँ ,neutral
सबसे कम वाली बेस पैक कौन सी है  ,neutral
कौन सा प्लान परिवार के हिसाब से सही होगा  ,neutral
क्या मैं चैनल्स ऐड कर सकता हूँ ,neutral
जो चैनल मै नहीं देखता उसके पैसे क्यों दू ,neutral
मेरे अकाउंट से पैसे कैसे कट गए ,neutral
पैसे लौटने की क्या संभाऊंना है ,neutral
नागपुर से मुंबई की २ फ्लाइट टिकट्स बुक करना,neutral
आखरी तारीख क्या है बैलेंस एक्सपायर होने में ,neutral
इस महीने चल जाएंगे इतने पैसे में ,neutral
मेरे अकाउंट का बैलेंस बताये जरा,neutral
मेरे अकाउंट में कितना बैलेंस है ,neutral
मेरे अकाउंट में कितना बैलेंस बचा है ,neutral
मेरे अकाउंट में कितना राशि बचा है ,neutral
कितना पैसा है मेरे अकाउंट में ,neutral
कुछ पैसे है या नहीं मेरे अकाउंट में ,neutral
इतने पैसे में कितने दिन चलेंगे ,neutral
कब तक ख़त्म हो जायेंगे मेरे अकाउंट के पैसे ,neutral
 प्लीज मेरे लिए बैंगलोर में एक होटेल खोजो ,neutral
कब तक चलेंगे  इतने पैसे में ,neutral
कब तक रिचार्ज हो जाएगा मेरा ,neutral
क्या अभी तुरंत हो जाएगा ,neutral
मेरा पैक कब तक चलेगा,neutral
क्या मुझे लास्ट डेट बताएंगे ,neutral
मेरा अकाउंट कब तक चलेगा ,neutral
अंतिम तिथि क्या है मेरे अकाउंट बंद होने की ,neutral
क्या आप बताएंगे मेरे अकाउंट की एक्सपायरी डेट ,neutral
ओए एक बुकिंग कर दे कैब की,neutral
अबे एक ओयो बुक कर दो भाई के लिए ,neutral
मेरी बुकिंग हो गई क्या ,neutral
कुछ ऐसा डील दो यार की मजा  जाए ,neutral
और क्या क्या करता है ये एप,neutral
सबसे सस्ती फ्लाइट कैसे पता चलेगी ,neutral
ट्रैन टिकट बुक कर सकता है तू ,neutral
आज का तापमान क्या है ,neutral
अब क्या करूँ ,neutral
ट्रैन बुकिंग कैसे करू समझ में नहीं आ रहा है ,neutral
बुकिंग कैसे होगा ,neutral
 टिकट कन्फर्म है क्या ,neutral
आगे क्या करना समझ नहीं आ रहा है ,neutral
मेरी फ्लाइट लेट क्यों हुई है ,neutral
एक बढ़िया सा होटल बुक करो ,neutral
मै पेमेंट कैसे करू ,neutral
मै आगे कैसे बढू ,neutral
भाई मुझे एक बात बताओ ,neutral
कल की दिल्ली से मुंबई की कोई ट्रैन टिकट है ,neutral
ये होटल का प्राइस इतना ज़्यादा क्यों दिखा रहा है ,neutral
ये कैसे होगा,neutral
मेरे को अपने आस पास की होटल दिखाओ,neutral
इधर बुकिंग कैसे  होता है ,neutral
काम हो गया,neutral
मेरी फ्लाइट का क्या स्टेटस है ,neutral
क्या तुम मेरी हेल्प कर सकते हो ,neutral
मैंने जो कैब बुक की थी वह दिखा क्यों नहीं रहा ,neutral
बड़ी गाड़ी बुक कर सकते हो क्या ,neutral
मेरी ट्रैन टाइम से चल रही है ना ,neutral
इधर कोई ३ स्टार होटल है आस पास मै ,neutral
इधर से बुकिंग क्यों नहीं हो रहा है  ,neutral
तुरंत एक कैब बुलाओ ,neutral
अभी के अभी बुक करो ,neutral
एक काम कर दो,neutral
मेरे को एक मदद चाहिए था,neutral
मेरा एक काम कर दो ,neutral
जल्दी से एक काम करना ,neutral
कैब आने में और कितना टाइम है ,neutral
एक ऑटो बुक कर दो जल्दी ,neutral
अरे बढ़िया एक हेल्प कर दो सारथी,neutral
हाल फिलहाल में बारिश होने वाली है क्या,neutral
एक उबर बुक करो ,neutral
और क्या क्या कर सकते हो तुम मेेरे लिए ,neutral
फ्लाइट में खाने के लिए भी कुछ बुक कर दो ,neutral
बैंगलोर में कोई भी होटल बुक कर दो,neutral
इस एप के बारे में  और बताओ ,neutral
क्या आज धुप पड़ेगी ,neutral
तुम ट्रैन का टिकट बुक सकते हो ,neutral
मेरी ट्रैन का स्टेटस पता करो ,neutral
सबसे कम टाइम लगने वाली ट्रेन बताओ,neutral
कल का ट्रैन अवेलेबल है ,neutral
क्या कोई कूपन है तुम्हारे पास ,neutral
५ मिनट में ऑटो बुक कर सकते हो क्या,neutral
परसों का कोई फ्लाइट टिकट्स दिखाओ अहमदाबाद से ग्वालियर का,neutral
क्या मेरा एक काम करदोगे ,neutral
और क्या हालचाल है,neutral
फ्लाइट टिकट अवेलेबल है क्या ,neutral
और सुनाओ ,neutral
क्या हाल चाल है ,neutral
ट्रेन क्या टाइम स्टेशन पहुंचेगी,neutral
दिल्ली में बारिश होने वाली है क्या ,neutral
मेरा एक सवाल है  ,neutral
इधर बारिश हुई थी क्या सुबह ,neutral
कैब कब तक आएगा ,neutral
क्या मेरा फ्लाइट ऑन टाइम है ,neutral
ये क्या है ,neutral
होटल को कितनी रेटिंग मिली है ,neutral
होटल कौन से इलाके में है ,neutral
आज का मौसम बताओ ,neutral
बाहर क्या टेंपरेचर है,neutral
कैब कहा है भाई ,neutral
होटल तो ठीक ही था,neutral
सारथी मदद करो ,neutral
सबसे सस्ता फ्लाइट का टिकट बुक कर दो इधर से मुंबई का,neutral
मेरा कैब कैंसिल कर दो ,neutral
अगले महीने की फ्लाइट की टिकट करा दो बेंगलुरु से दिल्ली की,neutral
कैसा है तू,neutral
मै काफी थक गया आज ,neutral
बहुत गर्मी है यार यहाँ ,neutral
काफी ठण्ड है ,neutral
मौसम क्या सुहाना है ,neutral
क्या तुमने खाना खा लिया ,neutral
यार कही घूमने चलते है ,neutral
ये एप्प इस्तेमाल करके देखे ,neutral
फटा फट एक कैब बुक करना ,neutral
इसको भी एक बार चेक करना चाहिए ,neutral
चलो यह करके देखें,neutral
आज के दिन काफी सारे काम हो जाते है ,neutral
समझ नहीं आ रहा यार क्या करूँ मै,neutral
क्या इतना खर्च करना सही होगा ,neutral
कोसिस करनी चाहिए ,neutral
हम सही रास्ते जा रहे थे ,neutral
दिवाली में फ्लाइट्स की रेट काफी मेहेंगी हो जाती है ,neutral
पता नहीं कब पैसे वापस आएँगे ,neutral
ठीक ठाक एप्प लगता है ,neutral
वह होटल बेकार निकला ,sad
बेकार कैब थी यार,sad
उस होटल में मज़ा नहीं आया,sad
क्या यार अब तक पैसा नहीं आया ,sad
यार कब होगा रिचार्ज मेरे अकाउंट का ,sad
यार मै बहुत परेशान हो गया हु ,sad
रीस्टार्ट करने पे भी नहीं हो रहा ,sad
हमें आपसे ये उम्मीद नहीं थी,sad
मुझे तेरे से और उम्मीद थी यार ,sad
चेक इन टाइम गलत बताया यार तुमने ,sad
कुछ मज़ा नही आया ,sad
बहुत ही निराशाजनक अनुभव था हमारा ,sad
कितना सड़ा होटल था ,sad
बहुत ही वाहियाद सर्विस है होटल की  ,sad
ये कैब फिरसे से टाइम पे बुक नहीं हुई ,sad
फ्लाइट मैं लेगस्पेस इतना काम था ,sad
कैब अंदर से काफी गन्दी थी ,sad
तुम बुकिंग करने में इतनी देर क्यों लगाते हो ,sad
हमरी यात्रा सुखद नहीं थी ,sad
आज तक की सबसे बेकार सर्विस थी ,sad
कैब ड्राइवर गधा था ,sad
इतनी गंदगी थी वह पर ,sad
मेरी फ्लाइट २ घंटा डिले हो गयी ,sad
गन्दा होटल था ,sad
इस सर्विस से काफी नाराज हु मै,sad
मुझे सेफ फील नहीं हो रहा था ,sad
मै सैटिस्फाइड नहीं हु ,sad
होटल वालों का बिहेवियर अच्छा नहीं था,sad
मुझे ये एप्प बिलकुल अच्छा नहीं लगा ,sad
मै निराश हू ,sad
अच्छा एक्सपीरिएंस नहीं था ,sad
बेकार एक्सपीरियंस था होटल में ,sad
मुझे तुमसे ये उम्मीद नहीं थी ,sad
कैब ड्राइवर बुरा था ,sad
ऐसा कैसे चलेगा ,sad
होटल स्टाफ डिसिप्लिंड नहीं था ,sad
होटल वाले ने मुझसे ज्यादा पैसा लिया ,sad
कैब वाले ने मुझसे टोल टैक्स भरवाया ,sad
थोड़ा और सस्ता फ्लाइट बुक हो सकता था ,sad
कैब ड्राइवर ने मुझे गाली दी ,sad
कैब वाले ने मुझसे बदतमीजी की ,sad
होटल से व्यू अच्छा नहीं था ,sad
आज मज़ा नहीं आया ,sad
एप्प का परफॉर्मेंस बहुत खराब है ,sad
एप मे दम नहीं है ,sad
ट्रैन ने गांड मार कर रखी है ,sad
यार फ्लाइट ने जीना हराम कर दिए है ,sad
आजका मौसम गन्दा है ,sad
मूड ऑफ कर दिया ,sad
होटल की लोकेशन अच्छी नही थी ,sad
मै नाराज हु,sad
मज़ा नहीं आया इस बार,sad
होटल मेरी एक्सपेक्टेशंस के हिसाब से नहीं था ,sad
आई वॉस एक्सपेक्टिंग मोर,sad
मै अनसैटिस्फाइड हू ,sad
ड्राइवर का बर्ताव अच्छा नहीं था ,sad
सर्विस इम्प्रूव करो ,sad
टिकट बुक नहीं हुई ,sad
एप में और सुधार लाओ ,sad
मुझे तुमसे और एक्सपेक्टेशंस थी ,sad
शिट यार मेरी फ्लाइट डिले हो गयी ,sad
तुम और बेटर कर सकते हो ,sad
बेशिस्त ड्राइवर था ,sad
बद्तमीज़ स्टाफ था ,sad
तुमसे ये उम्मीद नहीं थी ,sad
ट्रैन टिकट अपने आप कैंसिल कैसे हो गयी ,sad
होटल में स्विमिंग पूल और बार नहीं था यार ,sad
इस एप को और बेहतर कर सकते हो ,sad
एप से कुछ हेल्प नहीं मिला ,sad
ड्राइवर ने कैंसिल कर दिया ,sad
होटल का खाना वाहियात था ,sad
कैब वाले ने मुझसे ढंग से बात नहीं की ,sad
मेरे को तुम्हारा सर्विस उतना अच्छा नहीं लगा,sad
मेरे को तुम्हारा सर्विस पसंद नहीं आया,sad
ये ऐप कुछ ख़ास नहीं है ,sad
मै तुमसे नाखुश हू ,sad
मेरा होटल में स्टे अच्छा नहीं था ,sad
कैब लोकेशन पर नहीं पहुंची,sad
तुमने मुझे बहुत निराश कर दिया,sad
कैब के ड्राइवर ने मुझे बीच में ही उतार दिआ,sad
तुमसे ये उम्मीद नहीं थी ,sad
परेशान हो गया हूं यार,sad
मेरी किस्मत इतनी ख़राब कैसे है ,sad
काश ये हो पाता यार ,sad
अरे यार ये कैब वाला लगता है परसों आएगा ,sad
इसके यहाँ से अब सर्विस नहीं लूंगा ,sad
भूक लगी है और अब तक डिलीवर नहीं किया खाना ,sad
ये एप्प बहुत फसने लग गया है यार ,sad
अरे बोलो भाई ,sad
मई बहुत पीड़ित हु,sad
अरे ये कैसे होगा यार ,sad
काश ये पहले हो जाता ,sad
इस मौसम के कारण मै पीड़ित हु ,sad
यह तो खराब हुआ,sad
सॉरी यार गलती हो गयी ,sad
पैसे अभी तक वापस नहीं आए यार ,sad
ये एप्प कभी भी धोखा दे सकती है ,sad
अरे यार कस्टमर केयर को कॉल लगाते लगाते परेशान हो गया हु,sad
इनका सर्विस समझ के बाहर है ,sad
यार मेरी दिक्कत क्यों नहीं समझ रहे,sad
यार मेरे पैसे वापस कब मिलेंगे ,sad
बेकार प्लान है इनका ,sad
बहुत दुखी हूँ मै तुम्हारे कारण,sad
शिट यार फिर से चैनल्स बंद हो गए ,sad
येह प्रोडक्ट बिलकुल बेकर है खरब क्वालिटी और बेकार कस्टोमर सर्विस बहुत गुस्सा आ रहा है मुझे,angry
मुझे येह प्रोडक्ट बोहोत पसंद आया क्वालिटी मस्त है और डेलिवरी भी टाइम पर हुई बोहोत खुश हूँ मैन,happy
इस प्रोडक्ट की क्वालिटी इत्नी घटिया है की मुझे रोना आ रहा है पैसा बरबाद कर दिया बहुत दुख हो रहा है मुझे,sad
वॉव क्या अमजिंग प्रोडक्ट है बहुत ही एच्ची क्वालिटी है और प्राइस भी काफी रियसोनेबल है डिल से खुश हूँ मैन,happy
कस्टोमर सर्विस वालों ने मुझे बिलकुल भी सुप्पोर्ट नही किया बहुत गुस्सा आ रहा है मुझे प्रोडक्ट भी डेफेक्टिव ठा,angry
येह प्रोडक्ट बिलकुल मस्त है बहुत ही अच्चा काम किया है कम्पनी ने डिल खुश हो गया इस प्रोडक्ट से बहुत खुश हूँ मैन,happy
डेलिवरी बहुत लटे हुई और प्रोडक्ट भी डमगेड ठा बहुत गुस्सा आ रहा है मुझे,angry
इस प्रोडक्ट को खरीदने के बाद मुझे सिर्फ डिसप्पोइंटमेंट मिली है क्वालिटी घटिया है और प्राइस भी ज्यादा बहुत दुख हो रहा है मुझे,sad
मुझे येह प्रोडक्ट पसंद आया क्वालिटी थिक है और प्राइस भी रियसोनेबल है खुशी हो रही है मुझे,happy
प्रोडक्ट की क्वालिटी बेकर है और कस्टोमर सर्विस भी खरब है बहुत गुस्सा आ रहा है मुझे,angry
येह प्रोडक्ट खरब है बहुत ही बकवास क्वालिटी है और प्राइस भी ज्यादा है मुझे बहुत गुस्सा आ रहा है,angry
प्रोडक्ट एच्ची क्वालिटी की है लेकिन प्राइस ज्यादा है थोड़ा गुस्सा आ रहा है पर खुशी भी है की क्वालिटी अछी है,happy
कस्टोमर सर्विस बहुत ही बेकर है प्रोडक्ट भी डेफेक्टिव ठा और रेफुंड भी नही मिला गुस्सा हो रहा है मुझे,angry
मुझे येह प्रोडक्ट बहुत पसंद आया क्वालिटी मस्त है और प्राइस भी थिक है डिल से खुश हूँ मैन,happy
इस प्रोडक्ट का क्वालिटी इत्ना बेकर है की मुझे रोना आ रहा है बहुत घटिया एक्सपेरिएंस रहा मुझे,sad
वॉव क्या अमजिंग प्रोडक्ट है क्वालिटी बहुत एच्ची है और प्राइस भी रियसोनेबल है बहुत खुश हूँ मैन,happy
कस्टोमर सर्विस वालों ने बिलकुल भी सुप्पोर्ट नही किया बहुत गुस्सा आ रहा है मुझे प्रोडक्ट भी डेफेक्टिव ठा,angry
येह प्रोडक्ट बिलकुल बकवास है खरब क्वालिटी है और प्राइस भी ज्यादा है बहुत गुस्सा आ रहा है मुझे,angry
डेलिवरी टाइम पर नही हुई और प्रोडक्ट भी डमगेड ठा बहुत गुस्सा आ रहा है मुझे,angry
इस प्रोडक्ट के बाद मुझे सिर्फ डिसप्पोइंटमेंट मिली है क्वालिटी बेकर है और प्राइस भी ज्यादा बहुत दुख हो रहा है मुझे,sad
मुझे येह प्रोडक्ट पसंद आया क्वालिटी थिक है और प्राइस भी रियसोनेबल है खुशी हो रही है मुझे,happy
प्रोडक्ट की क्वालिटी बेकर है और कस्टोमर सर्विस भी खरब है बहुत गुस्सा आ रहा है मुझे,angry
येह प्रोडक्ट मस्त है बहुत ही अच्चा काम किया है कम्पनी ने डिल खुश हो गया इस प्रोडक्ट से बहुत खुश हूँ मैन,happy
डेलिवरी बहुत लटे हुई और प्रोडक्ट भी डमगेड ठा बहुत गुस्सा आ रहा है मुझे,angry
इस प्रोडक्ट की क्वालिटी इत्नी घटिया है की मुझे रोना आ रहा है पैसा बरबाद कर दिया बहुत दुख हो रहा है मुझे,sad
मुझे येह प्रोडक्ट बोहोत पसंद आया क्वालिटी मस्त है और डेलिवरी भी टाइम पर हुई बोहोत खुश हूँ मैन,happy
वॉव क्या अमजिंग प्रोडक्ट है बहुत ही एच्ची क्वालिटी है और प्राइस भी काफी रियसोनेबल है डिल से खुश हूँ मैन,happy
कस्टोमर सर्विस वालों ने मुझे बिलकुल भी सुप्पोर्ट नही किया बहुत गुस्सा आ रहा है मुझे प्रोडक्ट भी डेफेक्टिव ठा,angry
येह प्रोडक्ट बिलकुल मस्त है बहुत ही अच्चा काम किया है कम्पनी ने डिल खुश हो गया इस प्रोडक्ट से बहुत खुश हूँ मैन,happy
डेलिवरी बहुत लटे हुई और प्रोडक्ट भी डमगेड ठा बहुत गुस्सा आ रहा है मुझे,angry
इस प्रोडक्ट को खरीदने के बाद मुझे सिर्फ डिसप्पोइंटमेंट मिली है क्वालिटी घटिया है और प्राइस भी ज्यादा बहुत दुख हो रहा है मुझे,sad
मुझे येह प्रोडक्ट पसंद आया क्वालिटी थिक है और प्राइस भी रियसोनेबल है खुशी हो रही है मुझे,happy
प्रोडक्ट की क्वालिटी बेकर है और कस्टोमर सर्विस भी खरब है बहुत गुस्सा आ रहा है मुझे,angry
येह प्रोडक्ट खरब है बहुत ही बकवास क्वालिटी है और प्राइस भी ज्यादा है मुझे बहुत गुस्सा आ रहा है,angry
प्रोडक्ट एच्ची क्वालिटी की है लेकिन प्राइस ज्यादा है थोड़ा गुस्सा आ रहा है पर खुशी भी है की क्वालिटी अछी है,happy
कस्टोमर सर्विस बहुत ही बेकर है प्रोडक्ट भी डेफेक्टिव ठा और रेफुंड भी नही मिला गुस्सा हो रहा है मुझे,angry
मुझे येह प्रोडक्ट बहुत पसंद आया क्वालिटी मस्त है और प्राइस भी थिक है डिल से खुश हूँ मैन,happy
इस प्रोडक्ट का क्वालिटी इत्ना बेकर है की मुझे रोना आ रहा है बहुत घटिया एक्सपेरिएंस रहा मुझे,sad
वॉव क्या अमजिंग प्रोडक्ट है क्वालिटी बहुत एच्ची है और प्राइस भी रियसोनेबल है बहुत खुश हूँ मैन,happy
कस्टोमर सर्विस वालों ने बिलकुल भी सुप्पोर्ट नही किया बहुत गुस्सा आ रहा है मुझे प्रोडक्ट भी डेफेक्टिव ठा,angry
येह प्रोडक्ट बिलकुल बकवास है खरब क्वालिटी है और प्राइस भी ज्यादा है बहुत गुस्सा आ रहा है मुझे,angry
डेलिवरी टाइम पर नही हुई और प्रोडक्ट भी डमगेड ठा बहुत गुस्सा आ रहा है मुझे,angry
इस प्रोडक्ट के बाद मुझे सिर्फ डिसप्पोइंटमेंट मिली है क्वालिटी बेकर है और प्राइस भी ज्यादा बहुत दुख हो रहा है मुझे,sad
येह प्रोडक्ट बहुत ही अवेरेज है क्वालिटी ठिकठक है लेकिन प्राइस काफी हिघ है कोई स्पेशियल फील नही आ रहा मुझे,neutral
कस्टोमर सर्विस काफी बेकर है फोने ही नही उठते बहुत गुस्सा आ रहा है मुझे,angry
मुझे येह प्रोडक्ट पसंद आया क्वालिटी काफी एच्ची है और प्राइस भी रियसोनेबल है डिल से खुश हूँ मैन,happy
इस प्रोडक्ट काफी बेकर है मैन रेफुंड के लिये अप्ली किया ठा लेकिन कोई रेस्पोंस नही मिला बहुत दुख हो रहा है मुझे,sad
वॉव येह प्रोडक्ट तोह एक्सपेक्टेशन्स से भी उपर निकला क्वालिटी टोपनोटच है और प्राइस भी बहुत रियसोनेबल है बहुत खुश हूँ मैन,happy
डेलिवरी टाइम पर हुई और प्रोडक्ट भी इंटैक्ट ठा बहुत अच्चा लगा मुझे,happy
इस प्रोडक्ट के फीटूरेस बहुत लिमिटेड हैं और क्वालिटी भी अवेरेज है प्राइस के हिसाब से बिलकुल भी जुस्तिफी नही होता डिसप्पोइंटेड हूँ मैन,sad
मुझे येह प्रोडक्ट उसे कर्ते हुए कोई स्पेशियल फील नही आया क्वालिटी और प्राइस दोनो अवेरेज हैं न्यूट्रल हूँ मैन,neutral
कस्टोमर सर्विस काफी रेस्पोंसिव है और प्रोडक्ट भी अच्चा है खुशी हो रही है मुझे,happy
येह प्रोडक्ट बिलकुल बेकर है क्वालिटी खरब है और प्राइस भी ज्यादा है बहुत गुस्सा आ रहा है मुझे,angry
डेलिवरी बहुत लटे हुई और प्रोडक्ट भी डमगेड ठा बहुत गुस्सा आ रहा है मुझे,angry
इस प्रोडक्ट को खरीदने के बाद मुझे सिर्फ रेग्रेट हुआ है क्वालिटी बिलकुल बेकर है और प्राइस भी बहुत ज्यादा है बहुत दुखी हूँ मैन,sad
मुझे येह प्रोडक्ट पसंद आया क्वालिटी मस्त है और प्राइस भी अफ़ोरदेबल है डिल से खुश हूँ मैन,happy
वॉव क्या अमजिंग प्रोडक्ट है क्वालिटी और परफोर्मेंस दोनो ही आउटस्टैंडिंग हैं बहुत ही खुश हूँ मैन,happy
कस्टोमर सर्विस वाले बहुत ही उनप्रोफेसनल हैं बहुत गुस्सा आ रहा है मुझे,angry
येह प्रोडक्ट बिलकुल बकवास है कोई भी रिकमेंड नही करेगा बहुत गुस्सा आ रहा है मुझे,angry
डेलिवरी टाइम पर नही हुई और प्रोडक्ट भी डमगेड ठा बहुत गुस्सा आ रहा है मुझे,angry
इस प्रोडक्ट के बाद मुझे सिर्फ डिसप्पोइंटमेंट मिली है क्वालिटी बेकर है और प्राइस भी ज्यादा बहुत दुख हो रहा है मुझे,sad
येह प्रोडक्ट बहुत ही अवेरेज है क्वालिटी ठिकठक है लेकिन प्राइस काफी हिघ है कोई स्पेशियल फील नही आ रहा मुझे,neutral
कस्टोमर सर्विस काफी बेकर है फोने ही नही उठते बहुत गुस्सा आ रहा है मुझे,angry
मुझे येह प्रोडक्ट पसंद आया क्वालिटी काफी एच्ची है और प्राइस भी रियसोनेबल है डिल से खुश हूँ मैन,happy
इस प्रोडक्ट काफी बेकर है मैन रेफुंड के लिये अप्ली किया ठा लेकिन कोई रेस्पोंस नही मिला बहुत दुख हो रहा है मुझे,sad
वॉव येह प्रोडक्ट तोह एक्सपेक्टेशन्स से भी उपर निकला क्वालिटी टोपनोटच है और प्राइस भी बहुत रियसोनेबल है बहुत खुश हूँ मैन,happy
डेलिवरी टाइम पर हुई और प्रोडक्ट भी इंटैक्ट ठा बहुत अच्चा लगा मुझे,happy
इस प्रोडक्ट के फीटूरेस बहुत लिमिटेड हैं और क्वालिटी भी अवेरेज है प्राइस के हिसाब से बिलकुल भी जुस्तिफी नही होता डिसप्पोइंटेड हूँ मैन,sad
मुझे येह प्रोडक्ट उसे कर्ते हुए कोई स्पेशियल फील नही आया क्वालिटी और प्राइस दोनो अवेरेज हैं न्यूट्रल हूँ मैन,neutral
कस्टोमर सर्विस काफी रेस्पोंसिव है और प्रोडक्ट भी अच्चा है खुशी हो रही है मुझे,happy
येह प्रोडक्ट बिलकुल बेकर है क्वालिटी खरब है और प्राइस भी ज्यादा है बहुत गुस्सा आ रहा है मुझे,angry
डेलिवरी बहुत लटे हुई और प्रोडक्ट भी डमगेड ठा बहुत गुस्सा आ रहा है मुझे,angry
इस प्रोडक्ट को खरीदने के बाद मुझे सिर्फ रेग्रेट हुआ है क्वालिटी बिलकुल बेकर है और प्राइस भी बहुत ज्यादा है बहुत दुखी हूँ मैन,sad
मुझे येह प्रोडक्ट पसंद आया क्वालिटी मस्त है और प्राइस भी अफ़ोरदेबल है डिल से खुश हूँ मैन,happy
वॉव क्या अमजिंग प्रोडक्ट है क्वालिटी और परफोर्मेंस दोनो ही आउटस्टैंडिंग हैं बहुत ही खुश हूँ मैन,happy
कस्टोमर सर्विस वाले बहुत ही उनप्रोफेसनल हैं बहुत गुस्सा आ रहा है मुझे,angry
येह प्रोडक्ट बिलकुल बकवास है कोई भी रिकमेंड नही करेगा बहुत गुस्सा आ रहा है मुझे,angry
डेलिवरी टाइम पर नही हुई और प्रोडक्ट भी डमगेड ठा बहुत गुस्सा आ रहा है मुझे,angry
मुझे येह प्रोडक्ट बोहोत पसंद आया क्वालिटी मस्त है और डेलिवरी भी टाइम पर हुई बोहोत खुश हूँ मैन,happy
वॉव क्या अमजिंग प्रोडक्ट है क्वालिटी और फीटूरेस दोनो ही काफी एचए हैं बहुत खुश हूँ मैन इस पूर्चसे से,happy
कस्टोमर सर्विस काफी बेकर है प्रोडक्ट भी डमगेड आया ठा और रिप्लेसमेंट भी लटे हुआ गुस्सा आ रहा है मुझे,angry
येह प्रोडक्ट बिलकुल मस्त है बहुत ही अच्चा परफोर्मेंस है और प्राइस भी रियसोनेबल है बहुत खुश हूँ मैन,happy
डेलिवरी टाइम पर हुई और प्रोडक्ट भी अच्चा ठा बहुत ही खुशी हुई मुझे रिकमेंडेड है,happy
इस प्रोडक्ट के बाद मुझे सिर्फ डिसप्पोइंटमेंट मिली है क्वालिटी बिलकुल बेकर थी और प्राइस भी ज्यादा ठा बहुत दुख हो रहा है मुझे,sad
मुझे येह प्रोडक्ट पसंद आया क्वालिटी मस्त है और फीटूरेस भी एचए हैं खुशी हो रही है मुझे,happy
प्रोडक्ट की क्वालिटी बेकर है और कस्टोमर सर्विस भी खरब है बहुत गुस्सा आ रहा है मुझे,angry
येह प्रोडक्ट खरब है क्वालिटी बकवास है और प्राइस भी ज्यादा है मुझे बहुत गुस्सा आ रहा है,angry
प्रोडक्ट एच्ची क्वालिटी का है लेकिन प्राइस थोड़ा ज्यादा है थोड़ा गुस्सा आ रहा है पर ओवरल्ल अच्चा प्रोडक्ट है,happy
कस्टोमर सर्विस बहुत ही बेकर है प्रोडक्ट भी डेफेक्टिव ठा और रेफुंड भी नही मिला गुस्सा हो रहा है मुझे,angry
मुझे येह प्रोडक्ट बहुत पसंद आया क्वालिटी मस्त है और प्राइस भी थिक है डिल से खुश हूँ मैन,happy
इस प्रोडक्ट का क्वालिटी इत्ना बेकर है की मुझे रोना आ रहा है बहुत घटिया एक्सपेरिएंस रहा मुझे,sad
वॉव क्या अमजिंग प्रोडक्ट है क्वालिटी और फीटूरेस दोनो ही काफी एचए हैं बहुत खुश हूँ मैन,happy
कस्टोमर सर्विस वालों ने बिलकुल भी सुप्पोर्ट नही किया बहुत गुस्सा आ रहा है मुझे प्रोडक्ट भी डेफेक्टिव ठा,angry
येह प्रोडक्ट बिलकुल बकवास है खरब क्वालिटी है और प्राइस भी ज्यादा है बहुत गुस्सा आ रहा है मुझे,angry
डेलिवरी टाइम पर नही हुई और प्रोडक्ट भी डमगेड ठा बहुत गुस्सा आ रहा है मुझे,angry
इस प्रोडक्ट के बाद मुझे सिर्फ डिसप्पोइंटमेंट मिली है क्वालिटी बेकर है और प्राइस भी ज्यादा बहुत दुख हो रहा है मुझे,sad
मुझे येह प्रोडक्ट पसंद आया क्वालिटी थिक है और प्राइस भी रियसोनेबल है खुशी हो रही है मुझे,happy
प्रोडक्ट की क्वालिटी बेकर है और कस्टोमर सर्विस भी खरब है बहुत गुस्सा आ रहा है मुझे,angry
येह प्रोडक्ट मस्त है बहुत ही अच्चा काम किया है कम्पनी ने डिल खुश हो गया इस प्रोडक्ट से बहुत खुश हूँ मैन,happy
डेलिवरी बहुत लटे हुई और प्रोडक्ट भी डमगेड ठा बहुत गुस्सा आ रहा है मुझे,angry
इस प्रोडक्ट की क्वालिटी इत्नी घटिया है की मुझे रोना आ रहा है पैसा बरबाद कर दिया बहुत दुख हो रहा है मुझे,sad
मुझे येह प्रोडक्ट बोहोत पसंद आया क्वालिटी मस्त है और डेलिवरी भी टाइम पर हुई बोहोत खुश हूँ मैन,happy
वॉव क्या अमजिंग प्रोडक्ट है बहुत ही एच्ची क्वालिटी है और प्राइस भी काफी रियसोनेबल है डिल से खुश हूँ मैन,happy
कस्टोमर सर्विस वालों ने मुझे बिलकुल भी सुप्पोर्ट नही किया बहुत गुस्सा आ रहा है मुझे प्रोडक्ट भी डेफेक्टिव ठा,angry
येह प्रोडक्ट बिलकुल मस्त है बहुत ही अच्चा काम किया है कम्पनी ने डिल खुश हो गया इस प्रोडक्ट से बहुत खुश हूँ मैन,happy
डेलिवरी बहुत लटे हुई और प्रोडक्ट भी डमगेड ठा बहुत गुस्सा आ रहा है मुझे,angry
इस प्रोडक्ट को खरीदने के बाद मुझे सिर्फ डिसप्पोइंटमेंट मिली है क्वालिटी घटिया है और प्राइस भी ज्यादा बहुत दुख हो रहा है मुझे,sad
मुझे येह प्रोडक्ट पसंद आया क्वालिटी थिक है और प्राइस भी रियसोनेबल है खुशी हो रही है मुझे,happy
प्रोडक्ट की क्वालिटी बेकर है और कस्टोमर सर्विस भी खरब है बहुत गुस्सा आ रहा है मुझे,angry
येह प्रोडक्ट खरब है बहुत ही बकवास क्वालिटी है और प्राइस भी ज्यादा है मुझे बहुत गुस्सा आ रहा है,angry
प्रोडक्ट एच्ची क्वालिटी की है लेकिन प्राइस ज्यादा है थोड़ा गुस्सा आ रहा है पर खुशी भी है की क्वालिटी अछी है,happy
कस्टोमर सर्विस बहुत ही बेकर है प्रोडक्ट भी डेफेक्टिव ठा और रेफुंड भी नही मिला गुस्सा हो रहा है मुझे,angry
मुझे येह प्रोडक्ट बहुत पसंद आया क्वालिटी मस्त है और प्राइस भी थिक है डिल से खुश हूँ मैन,happy
इस प्रोडक्ट का क्वालिटी इत्ना बेकर है की मुझे रोना आ रहा है बहुत घटिया एक्सपेरिएंस रहा मुझे,sad
वॉव क्या अमजिंग प्रोडक्ट है क्वालिटी बहुत एच्ची है और प्राइस भी रियसोनेबल है बहुत खुश हूँ मैन,happy
कस्टोमर सर्विस वालों ने बिलकुल भी सुप्पोर्ट नही किया बहुत गुस्सा आ रहा है मुझे प्रोडक्ट भी डेफेक्टिव ठा,angry
येह प्रोडक्ट बिलकुल बकवास है खरब क्वालिटी है और प्राइस भी ज्यादा है बहुत गुस्सा आ रहा है मुझे,angry
डेलिवरी टाइम पर नही हुई और प्रोडक्ट भी डमगेड ठा बहुत गुस्सा आ रहा है मुझे,angry
इस प्रोडक्ट के बाद मुझे सिर्फ डिसप्पोइंटमेंट मिली है क्वालिटी बेकर है और प्राइस भी ज्यादा बहुत दुख हो रहा है मुझे,sad
मुझे येह प्रोडक्ट पसंद आया क्वालिटी मस्त है और डेलिवरी भी टाइम पर हुई बोहोत खुश हूँ मैन,happy
वॉव क्या अमजिंग प्रोडक्ट है बहुत ही एच्ची क्वालिटी है और प्राइस भी काफी रियसोनेबल है डिल से खुश हूँ मैन,happy
येह स्मार्टफोन बहुत ही बढिया है कैमेरा क्वालिटी और परफोर्मेंस दोनो काफी अछा है बोहोत खुश हूँ मैन इस पूर्चसे से,happy
वॉव क्या अमजिंग लप्टोप है स्पीड और डिस्प्लय दोनो ही काफी एचए हैं बहुत खुश हूँ मैन इस प्रोडक्ट से,happy
कस्टोमर सर्विस बिलकुल बेकर है प्रोडक्ट भी डेफेक्टिव आया ठा और रिप्लेसमेंट भी लटे हुआ गुस्सा आ रहा है मुझे,angry
येह स्मार्टवाट्च बिलकुल मस्त है बैटरी बैक्यूप और फीटूरेस दोनो ही काफी इम्प्रेसिव हैं बहुत खुश हूँ मैन,happy
डेलिवरी टाइम पर हुई और प्रोडक्ट भी अच्चा ठा बहुत ही खुशी हुई मुझे रिकमेंडेड है,happy
इस राउटर के बाद मुझे सिर्फ डिसप्पोइंटमेंट मिली है स्पीड बिलकुल बेकर थी और प्राइस भी ज्यादा ठा बहुत दुख हो रहा है मुझे,sad
मुझे येह एआरफोनेस पसंद आया साउंड क्वालिटी मस्त है और फिट भी एच्ची है खुशी हो रही है मुझे,happy
गमिंग कंसोल की क्वालिटी बेकर है और कस्टोमर सर्विस भी खरब है बहुत गुस्सा आ रहा है मुझे,angry
येह त्व खरब है पिक्चर क्वालिटी बकवास है और प्राइस भी ज्यादा है मुझे बहुत गुस्सा आ रहा है,angry
स्मार्ट स्पीकर एच्ची क्वालिटी का है लेकिन प्राइस थोड़ा ज्यादा है थोड़ा गुस्सा आ रहा है पर ओवरल्ल अच्चा प्रोडक्ट है,happy
कस्टोमर सर्विस बहुत ही बेकर है प्रोडक्ट भी डेफेक्टिव ठा और रेफुंड भी नही मिला गुस्सा हो रहा है मुझे,angry
मुझे येह टैबलेट बहुत पसंद आया परफोर्मेंस मस्त है और प्राइस भी थिक है डिल से खुश हूँ मैन,happy
इस मौसे का क्वालिटी इत्ना बेकर है की मुझे रोना आ रहा है बहुत घटिया एक्सपेरिएंस रहा मुझे,sad
वॉव क्या अमजिंग कैमेरा है क्वालिटी और फीटूरेस दोनो ही काफी एचए हैं बहुत खुश हूँ मैन,happy
कस्टोमर सर्विस वालों ने बिलकुल भी सुप्पोर्ट नही किया बहुत गुस्सा आ रहा है मुझे प्रोडक्ट भी डेफेक्टिव ठा,angry
येह हेडफोन्स बिलकुल बकवास हैं खरब क्वालिटी है और प्राइस भी ज्यादा है बहुत गुस्सा आ रहा है मुझे,angry
डेलिवरी टाइम पर नही हुई और प्रोडक्ट भी डमगेड ठा बहुत गुस्सा आ रहा है मुझे,angry
इस मोडम के बाद मुझे सिर्फ डिसप्पोइंटमेंट मिली है क्वालिटी बेकर है और प्राइस भी ज्यादा बहुत दुख हो रहा है मुझे,sad
मुझे येह मोनिटर पसंद आया क्वालिटी थिक है और प्राइस भी रियसोनेबल है खुशी हो रही है मुझे,happy
प्रोडक्ट की क्वालिटी बेकर है और कस्टोमर सर्विस भी खरब है बहुत गुस्सा आ रहा है मुझे,angry
येह स्मार्टवाट्च मस्त है बहुत ही अच्चा काम किया है कम्पनी ने डिल खुश हो गया इस प्रोडक्ट से बहुत खुश हूँ मैन,happy
डेलिवरी बहुत लटे हुई और प्रोडक्ट भी डमगेड ठा बहुत गुस्सा आ रहा है मुझे,angry
इस स्पीकर की क्वालिटी इत्नी घटिया है की मुझे रोना आ रहा है पैसा बरबाद कर दिया बहुत दुख हो रहा है मुझे,sad
मुझे येह प्रिंटर बोहोत पसंद आया क्वालिटी मस्त है और डेलिवरी भी टाइम पर हुई बोहोत खुश हूँ मैन,happy
वॉव क्या अमजिंग मोनिटर है बहुत ही एच्ची क्वालिटी है और प्राइस भी काफी रियसोनेबल है डिल से खुश हूँ मैन,happy
कस्टोमर सर्विस वालों ने मुझे बिलकुल भी सुप्पोर्ट नही किया बहुत गुस्सा आ रहा है मुझे प्रोडक्ट भी डेफेक्टिव ठा,angry
येह गमिंग कंसोल बिलकुल बकवास है खरब क्वालिटी है और प्राइस भी ज्यादा है बहुत गुस्सा आ रहा है मुझे,angry
डेलिवरी टाइम पर नही हुई और प्रोडक्ट भी डमगेड ठा बहुत गुस्सा आ रहा है मुझे,angry
इस केयबोर्ड के बाद मुझे सिर्फ डिसप्पोइंटमेंट मिली है क्वालिटी बेकर है और प्राइस भी ज्यादा बहुत दुख हो रहा है मुझे,sad
मुझे येह स्स्ड पसंद आया क्वालिटी मस्त है और प्राइस भी थिक है डिल से खुश हूँ मैन,happy
वॉव क्या अमजिंग राउटर है क्वालिटी बहुत एच्ची है और प्राइस भी रियसोनेबल है बहुत खुश हूँ मैन,happy
कस्टोमर सर्विस वालों ने बिलकुल भी सुप्पोर्ट नही किया बहुत गुस्सा आ रहा है मुझे प्रोडक्ट भी डेफेक्टिव ठा,angry
येह लप्टोप बिलकुल बकवास है खरब क्वालिटी है और प्राइस भी ज्यादा है बहुत गुस्सा आ रहा है मुझे,angry
डेलिवरी टाइम पर नही हुई और प्रोडक्ट भी डमगेड ठा बहुत गुस्सा आ रहा है मुझे,angry
इस वेबकैम की क्वालिटी इत्नी घटिया है की मुझे रोना आ रहा है पैसा बरबाद कर दिया बहुत दुख हो रहा है मुझे,sad
मुझे येह राउटर बोहोत पसंद आया क्वालिटी मस्त है और डेलिवरी भी टाइम पर हुई बोहोत खुश हूँ मैन,happy
वॉव क्या अमजिंग गमिंग कंसोल है बहुत ही एच्ची क्वालिटी है और प्राइस भी काफी रियसोनेबल है डिल से खुश हूँ मैन,happy
कस्टोमर सर्विस वालों ने मुझे बिलकुल भी सुप्पोर्ट नही किया बहुत गुस्सा आ रहा है मुझे प्रोडक्ट भी डेफेक्टिव ठा,angry
येह हेडफोन्स बिलकुल बकवास हैं खरब क्वालिटी है और प्राइस भी ज्यादा है बहुत गुस्सा आ रहा है मुझे,angry
डेलिवरी टाइम पर नही हुई और प्रोडक्ट भी डमगेड ठा बहुत गुस्सा आ रहा है मुझे,angry
इस केयबोर्ड के बाद मुझे सिर्फ डिसप्पोइंटमेंट मिली है क्वालिटी बेकर है और प्राइस भी ज्यादा बहुत दुख हो रहा है मुझे,sad
मुझे येह स्स्ड पसंद आया क्वालिटी मस्त है और प्राइस भी थिक है डिल से खुश हूँ मैन,happy
मुझे येह बिस्कुइट बहुत पसंद आया स्वाड मस्त है और प्राइस भी थिक है,happy
वॉव क्या अमजिंग चीसे है क्वालिटी और तस्ते दोनो ही काफी एचए हैं,happy
दुकान का सर्विस बिलकुल बेकर है समन भी फ्रेश नही ठा और डेलिवरी भी लटे हुई गुस्सा आ रहा है मुझे,angry
येह नूडलेस बिलकुल मस्त हैं फ्लावोर और टेक्सटूर दोनो ही काफी इम्प्रेसिव हैं बहुत खुश हूँ मैन,happy
डेलिवरी टाइम पर हुई और समन भी अच्चा ठा बहुत ही खुशी हुई मुझे रिकमेंडेड है,happy
इस जुइस के बाद मुझे सिर्फ डिसप्पोइंटमेंट मिली है तस्ते बिलकुल बेकर ठा और प्राइस भी ज्यादा ठा बहुत दुख हो रहा है मुझे,sad
मुझे येह मसला पसंद आया स्वाड मस्त है और क्वालिटी भी एच्ची है खुशी हो रही है मुझे,happy
दुकान का समन बेकर है और कस्टोमर सर्विस भी खरब है बहुत गुस्सा आ रहा है मुझे,angry
येह ओइल खरब है क्वालिटी बकवास है और प्राइस भी ज्यादा है मुझे बहुत गुस्सा आ रहा है,angry
चवल एच्ची क्वालिटी के हैं लेकिन प्राइस थोड़ा ज्यादा है थोड़ा गुस्सा आ रहा है पर ओवरल्ल अच्चा प्रोडक्ट है,happy
दुकान का सर्विस बहुत ही बेकर है समन भी डेफेक्टिव ठा और रेफुंड भी नही मिला गुस्सा हो रहा है मुझे,angry
मुझे येह ब्रेड बहुत पसंद आया स्वाड मस्त है और प्राइस भी थिक है डिल से खुश हूँ मैन,happy
इस दल का क्वालिटी इत्ना बेकर है की मुझे रोना आ रहा है बहुत घटिया एक्सपेरिएंस रहा मुझे,sad
वॉव क्या अमजिंग फ्रुइट्स हैं क्वालिटी और फ्रेशनेस दोनो ही काफी एच्ची हैं बहुत खुश हूँ मैन,happy
दुकान का सर्विस बिलकुल भी सुप्पोर्ट नही किया बहुत गुस्सा आ रहा है मुझे समन भी डेफेक्टिव ठा,angry
येह चिप्स बिलकुल बकवास हैं खरब क्वालिटी है और प्राइस भी ज्यादा है बहुत गुस्सा आ रहा है मुझे,angry
डेलिवरी टाइम पर नही हुई और समन भी डमगेड ठा बहुत गुस्सा आ रहा है मुझे,angry
इस चोकोलेट के बाद मुझे सिर्फ डिसप्पोइंटमेंट मिली है क्वालिटी बेकर है और प्राइस भी ज्यादा बहुत दुख हो रहा है मुझे,sad
मुझे येह सब्ज़ी पसंद आयी क्वालिटी थिक है और प्राइस भी रियसोनेबल है खुशी हो रही है मुझे,happy
समन की क्वालिटी बेकर है और कस्टोमर सर्विस भी खरब है बहुत गुस्सा आ रहा है मुझे,angry
येह दही खरब है बहुत ही बकवास क्वालिटी है और प्राइस भी ज्यादा है मुझे बहुत गुस्सा आ रहा है,angry
प्रोडक्ट एच्ची क्वालिटी का है लेकिन प्राइस ज्यादा है थोड़ा गुस्सा आ रहा है पर खुशी भी है की क्वालिटी अछी है,happy
दुकान का सर्विस बहुत ही बेकर है समन भी डेफेक्टिव ठा और रेफुंड भी नही मिला गुस्सा हो रहा है मुझे,angry
मुझे येह मिठाई बहुत पसंद आयी स्वाड मस्त है और प्राइस भी थिक है डिल से खुश हूँ मैन,happy
इस चिप्स का क्वालिटी इत्ना बेकर है की मुझे रोना आ रहा है बहुत घटिया एक्सपेरिएंस रहा मुझे,sad
वॉव क्या अमजिंग वेजेटेबल्स हैं क्वालिटी बहुत एच्ची है और प्राइस भी रियसोनेबल है बहुत खुश हूँ मैन,happy
दुकान का सर्विस बिलकुल भी सुप्पोर्ट नही किया बहुत गुस्सा आ रहा है मुझे समन भी डेफेक्टिव ठा,angry
येह नूडलेस बिलकुल बकवास हैं खरब क्वालिटी है और प्राइस भी ज्यादा है बहुत गुस्सा आ रहा है मुझे,angry
डेलिवरी टाइम पर नही हुई और समन भी डमगेड ठा बहुत गुस्सा आ रहा है मुझे,angry
इस चोकोलेट के बाद मुझे सिर्फ डिसप्पोइंटमेंट मिली है क्वालिटी बेकर है और प्राइस भी ज्यादा बहुत दुख हो रहा है मुझे,sad
मुझे येह सब्ज़ी पसंद आयी क्वालिटी थिक है और प्राइस भी रियसोनेबल है खुशी हो रही है मुझे,happy
समन की क्वालिटी बेकर है और कस्टोमर सर्विस भी खरब है बहुत गुस्सा आ रहा है मुझे,angry
येह दही खरब है बहुत ही बकवास क्वालिटी है और प्राइस भी ज्यादा है मुझे बहुत गुस्सा आ रहा है,angry
प्रोडक्ट एच्ची क्वालिटी का है लेकिन प्राइस ज्यादा है थोड़ा गुस्सा आ रहा है पर खुशी भी है की क्वालिटी अछी है,happy
दुकान का सर्विस बहुत ही बेकर है समन भी डेफेक्टिव ठा और रेफुंड भी नही मिला गुस्सा हो रहा है मुझे,angry
मुझे येह मिठाई बहुत पसंद आयी स्वाड मस्त है और प्राइस भी थिक है डिल से खुश हूँ मैन,happy
इस चिप्स का क्वालिटी इत्ना बेकर है की मुझे रोना आ रहा है बहुत घटिया एक्सपेरिएंस रहा मुझे,sad
वॉव क्या अमजिंग वेजेटेबल्स हैं क्वालिटी बहुत एच्ची है और प्राइस भी रियसोनेबल है बहुत खुश हूँ मैन,happy
दुकान का सर्विस बिलकुल भी सुप्पोर्ट नही किया बहुत गुस्सा आ रहा है मुझे समन भी डेफेक्टिव ठा,angry
येह नूडलेस बिलकुल बकवास हैं खरब क्वालिटी है और प्राइस भी ज्यादा है बहुत गुस्सा आ रहा है मुझे,angry
डेलिवरी टाइम पर नही हुई और समन भी डमगेड ठा बहुत गुस्सा आ रहा है मुझे,angry
इस चोकोलेट के बाद मुझे सिर्फ डिसप्पोइंटमेंट मिली है क्वालिटी बेकर है और प्राइस भी ज्यादा बहुत दुख हो रहा है मुझे,sad
मुझे येह खिलोने बहुत पसंद आये क्वालिटी मस्त है और प्राइस भी थिक है,happy
वॉव क्या अमजिंग टॉय है डेसिग्न और फीटूरेस दोनो ही काफी एचए हैं,happy
दुकान का सर्विस बिलकुल बेकर है खिलोना भी डमगेड ठा और रिप्लेसमेंट भी लटे हुआ गुस्सा आ रहा है मुझे,angry
येह गमे बिलकुल मस्त है बहुत ही एन्टरटेनिंग है और प्राइस भी रियसोनेबल है बहुत खुश हूँ मैन,happy
डेलिवरी टाइम पर हुई और टॉय भी अच्चा ठा बहुत ही खुशी हुई मुझे रिकमेंडेड है,happy
इस पुज़्ज़ले के बाद मुझे सिर्फ डिसप्पोइंटमेंट मिली है क्वालिटी बिलकुल बेकर थी और प्राइस भी ज्यादा ठा बहुत दुख हो रहा है मुझे,sad
मुझे येह एक्शन फिगुरे पसंद आया क्वालिटी मस्त है और डेसिग्न भी अच्चा है खुशी हो रही है मुझे,happy
टॉय की क्वालिटी बेकर है और दुकान का सर्विस भी खरब है बहुत गुस्सा आ रहा है मुझे,angry
येह रेमोट कंट्रोल कैर खरब है क्वालिटी बकवास है और प्राइस भी ज्यादा है मुझे बहुत गुस्सा आ रहा है,angry
टॉय एच्ची क्वालिटी का है लेकिन प्राइस थोड़ा ज्यादा है थोड़ा गुस्सा आ रहा है पर ओवरल्ल अच्चा टॉय है,happy
दुकान का सर्विस बहुत ही बेकर है टॉय भी डेफेक्टिव ठा और एक्सचेंज भी नही मिला गुस्सा हो रहा है मुझे,angry
मुझे येह बोआर्ड गमे बहुत पसंद आया क्वालिटी मस्त है और प्राइस भी थिक है डिल से खुश हूँ मैन,happy
इस डॉल का क्वालिटी इत्ना बेकर है की मुझे रोना आ रहा है बहुत घटिया एक्सपेरिएंस रहा मुझे,sad
वॉव क्या अमजिंग टॉय है डेसिग्न और फीटूरेस दोनो ही काफी एचए हैं बहुत खुश हूँ मैन,happy
दुकान का सर्विस बिलकुल भी सुप्पोर्ट नही किया बहुत गुस्सा आ रहा है मुझे टॉय भी डेफेक्टिव ठा,angry
येह पुज़्ज़ले बिलकुल बकवास है खरब क्वालिटी है और प्राइस भी ज्यादा है बहुत गुस्सा आ रहा है मुझे,angry
डेलिवरी टाइम पर नही हुई और टॉय भी डमगेड ठा बहुत गुस्सा आ रहा है मुझे,angry
इस टॉय के बाद मुझे सिर्फ डिसप्पोइंटमेंट मिली है क्वालिटी बेकर है और प्राइस भी ज्यादा बहुत दुख हो रहा है मुझे,sad
मुझे येह टेड्डी बीयर पसंद आया क्वालिटी थिक है और प्राइस भी रियसोनेबल है खुशी हो रही है मुझे,happy
टॉय की क्वालिटी बेकर है और दुकान का सर्विस भी खरब है बहुत गुस्सा आ रहा है मुझे,angry
येह बुइल्डिंग ब्लॉक्स खरब हैं बहुत ही बकवास क्वालिटी है और प्राइस भी ज्यादा है मुझे बहुत गुस्सा आ रहा है,angry
टॉय एच्ची क्वालिटी का है लेकिन प्राइस ज्यादा है थोड़ा गुस्सा आ रहा है पर खुशी भी है की क्वालिटी अछी है,happy
दुकान का सर्विस बहुत ही बेकर है टॉय भी डेफेक्टिव ठा और एक्सचेंज भी नही मिला गुस्सा हो रहा है मुझे,angry
मुझे येह रेमोट कंट्रोल कैर बहुत पसंद आयी क्वालिटी मस्त है और प्राइस भी थिक है डिल से खुश हूँ मैन,happy
इस डॉल का क्वालिटी इत्ना बेकर है की मुझे रोना आ रहा है बहुत घटिया एक्सपेरिएंस रहा मुझे,sad
वॉव क्या अमजिंग टॉय है डेसिग्न और फीटूरेस दोनो ही काफी एचए हैं बहुत खुश हूँ मैन,happy
दुकान का सर्विस बिलकुल भी सुप्पोर्ट नही किया बहुत गुस्सा आ रहा है मुझे टॉय भी डेफेक्टिव ठा,angry
येह पुज़्ज़ले बिलकुल बकवास है खरब क्वालिटी है और प्राइस भी ज्यादा है बहुत गुस्सा आ रहा है मुझे,angry
डेलिवरी टाइम पर नही हुई और टॉय भी डमगेड ठा बहुत गुस्सा आ रहा है मुझे,angry
इस टॉय के बाद मुझे सिर्फ डिसप्पोइंटमेंट मिली है क्वालिटी बेकर है और प्राइस भी ज्यादा बहुत दुख हो रहा है मुझे,sad
मुझे येह टेड्डी बीयर पसंद आया क्वालिटी थिक है और प्राइस भी रियसोनेबल है खुशी हो रही है मुझे,happy
टॉय की क्वालिटी बेकर है और दुकान का सर्विस भी खरब है बहुत गुस्सा आ रहा है मुझे,angry
येह बुइल्डिंग ब्लॉक्स खरब हैं बहुत ही बकवास क्वालिटी है और प्राइस भी ज्यादा है मुझे बहुत गुस्सा आ रहा है,angry
टॉय एच्ची क्वालिटी का है लेकिन प्राइस ज्यादा है थोड़ा गुस्सा आ रहा है पर खुशी भी है की क्वालिटी अछी है,happy
दुकान का सर्विस बहुत ही बेकर है टॉय भी डेफेक्टिव ठा और एक्सचेंज भी नही मिला गुस्सा हो रहा है मुझे,angry
मुझे येह रेमोट कंट्रोल कैर बहुत पसंद आयी क्वालिटी मस्त है और प्राइस भी थिक है डिल से खुश हूँ मैन,happy
इस डॉल का क्वालिटी इत्ना बेकर है की मुझे रोना आ रहा है बहुत घटिया एक्सपेरिएंस रहा मुझे,sad
वॉव क्या अमजिंग टॉय है डेसिग्न और फीटूरेस दोनो ही काफी एचए हैं बहुत खुश हूँ मैन,happy
दुकान का सर्विस बिलकुल भी सुप्पोर्ट नही किया बहुत गुस्सा आ रहा है मुझे टॉय भी डेफेक्टिव ठा,angry
येह पुज़्ज़ले बिलकुल बकवास है खरब क्वालिटी है और प्राइस भी ज्यादा है बहुत गुस्सा आ रहा है मुझे,angry
डेलिवरी टाइम पर नही हुई और टॉय भी डमगेड ठा बहुत गुस्सा आ रहा है मुझे,angry
इस टॉय के बाद मुझे सिर्फ डिसप्पोइंटमेंट मिली है क्वालिटी बेकर है और प्राइस भी ज्यादा बहुत दुख हो रहा है मुझे,sad
येह टॉय अवेरेज क्वालिटी का है और उसका प्राइस भी अवेरेज है,neutral
इस एक्शन फिगुरे की क्वालिटी थीक है लेकिन उसका प्राइस थोड़ा ज्यादा है,neutral
मुझे येह बोआर्ड गमे पसंद आया लेकिन उसकी क्वालिटी एक्सेप्शनल नही है,neutral
टॉय का डेसिग्न अवेरेज है और उसकी डेटेलिंग भी कुच खास नही है,neutral
येह पुज़्ज़ले काफी चल्लेंगिंग है लेकिन उसकी क्वालिटी अवेरेज है,neutral
इस डॉल का एपीआरएंस थीक है लेकिन उसकी फिनिशिंग मेई कुच कमी है,neutral
टॉय का प्राइस और क्वालिटी दोनो अवेरेज है,neutral
मुझे येह बुइल्डिंग ब्लॉक्स पसंद आये लेकिन उनकी दुरबिलिटी अवेरेज है,neutral
इस रेमोट कंट्रोल कैर का परफोर्मेंस अवेरेज है,neutral
दुकान का सर्विस थीक है लेकिन टॉय काफी अवेरेज है,neutral
टॉय की क्वालिटी और डेसिग्न दोनो अवेरेज है,neutral
मुझे येह डॉल के फीटूरेस अवेरेज लगते हैं,neutral
इस टॉय का प्राइस और क्वालिटी दोनो अवेरेज है,neutral
टॉय का पैकेजिंग थीक है लेकिन उसका क्वालिटी अवेरेज है,neutral
इस एक्शन फिगुरे की डेटेलिंग अवेरेज है,neutral
येह टॉय काफी बैसिक है और उसकी यूनिक्वेनेस अवेरेज है,neutral
टॉय का सीज़े और वेईघ्ट अवेरेज है,neutral
इस डॉल का प्राइस रियसोनेबल है लेकिन क्वालिटी अवेरेज है,neutral
मुझे येह बुइल्डिंग ब्लॉक्स अवेरेज लगते हैं,neutral
इस टॉय का डेसिग्न सिम्पल है और उसकी एट्रैक्टिवेनेस अवेरेज है,neutral
टॉय का बुइल्ड क्वालिटी अवेरेज है,neutral
येह टॉय के फीटूरेस अवेरेज हैं,neutral
मुझे येह पुज़्ज़ले चल्लेंगिंग लगता है लेकिन उसकी क्वालिटी अवेरेज है,neutral
इस डॉल का एपीआरएंस थीक है लेकिन उसकी डेटेलिंग अवेरेज है,neutral
टॉय का परफोर्मेंस अवेरेज है और उसका प्राइस भी रियसोनेबल है,neutral
येह टॉय काफी स्टैंडर्ड है और उसका प्राइस भी अवेरेज है,neutral
इस रेमोट कंट्रोल कैर की स्पीड अवेरेज है और उसका प्राइस भी अवेरेज है,neutral
टॉय का सीज़े और वेईघ्ट अवेरेज है,neutral
मुझे येह बुइल्डिंग ब्लॉक्स अवेरेज लगते हैं,neutral
इस टॉय का डेसिग्न सिम्पल है और उसकी एट्रैक्टिवेनेस अवेरेज है,neutral
टॉय का बुइल्ड क्वालिटी अवेरेज है,neutral
येह टॉय के फीटूरेस अवेरेज हैं,neutral
मुझे येह पुज़्ज़ले चल्लेंगिंग लगता है लेकिन उसकी क्वालिटी अवेरेज है,neutral
इस डॉल का एपीआरएंस थीक है लेकिन उसकी डेटेलिंग अवेरेज है,neutral
टॉय का परफोर्मेंस अवेरेज है और उसका प्राइस भी रियसोनेबल है,neutral
येह टॉय काफी स्टैंडर्ड है और उसका प्राइस भी अवेरेज है,neutral
इस रेमोट कंट्रोल कैर की स्पीड अवेरेज है और उसका प्राइस भी अवेरेज है,neutral
टॉय का सीज़े और वेईघ्ट अवेरेज है,neutral
मुझे येह बुइल्डिंग ब्लॉक्स अवेरेज लगते हैं,neutral
इस टॉय का डेसिग्न सिम्पल है और उसकी एट्रैक्टिवेनेस अवेरेज है,neutral
टॉय का बुइल्ड क्वालिटी अवेरेज है,neutral
येह टॉय के फीटूरेस अवेरेज हैं,neutral
मुझे येह पुज़्ज़ले चल्लेंगिंग लगता है लेकिन उसकी क्वालिटी अवेरेज है,neutral
इस डॉल का एपीआरएंस थीक है लेकिन उसकी डेटेलिंग अवेरेज है,neutral
टॉय का परफोर्मेंस अवेरेज है और उसका प्राइस भी रियसोनेबल है,neutral
येह टॉय काफी स्टैंडर्ड है और उसका प्राइस भी अवेरेज है,neutral
इस रेमोट कंट्रोल कैर की स्पीड अवेरेज है और उसका प्राइस भी अवेरेज है,neutral
येह स्मार्टफोन अवेरेज परफोर्मेंस देता है लेकिन उसका प्राइस रियसोनेबल है,neutral
इस लप्टोप की बैटरी लाइफ अवेरेज है और उसकी स्पीड भी अवेरेज है,neutral
मुझे येह स्मार्टवाट्च अवेरेज लग्ती है लेकिन उसकी फीटूरेस काफी बैसिक हैं,neutral
टैबलेट का डेसिग्न सिम्पल है और उसका स्क्रीन सीज़े अवेरेज है,neutral
येह एआरफोनेस का साउंड क्वालिटी अवेरेज है और उसका प्राइस भी अवेरेज है,neutral
इस गमिंग कंसोल की ग्राफिक्स अवेरेज है और उसका परफोर्मेंस भी अवेरेज है,neutral
येह स्मार्ट त्व का डिस्प्लय क्वालिटी अवेरेज है और उसकी फंक्शनलिटी भी अवेरेज है,neutral
इस फिटनेस बंद की एक्क्यूरेसी अवेरेज है और उसका बैटरी लाइफ भी अवेरेज है,neutral
मुझे येह विफी राउटर अवेरेज लगता है लेकिन उसकी कोवरेज काफी अवेरेज है,neutral
इस प्रिंटर का प्रिंटिंग स्पीड अवेरेज है और उसका बुइल्ड क्वालिटी भी अवेरेज है,neutral
येह कैमेरा का पिक्चर क्वालिटी अवेरेज है लेकिन उसका ज़ूम कैपबिलिटी अवेरेज है,neutral
इस स्पीकर का साउंड आउटपुट अवेरेज है और उसका प्राइस भी अवेरेज है,neutral
येह टैबलेट का स्क्रीन रेसोल्यूशन अवेरेज है और उसकी परफोर्मेंस भी अवेरेज है,neutral
इस लप्टोप का वेईघ्ट अवेरेज है और उसका डेसिग्न भी अवेरेज है,neutral
मुझे येह स्मार्टफोन अवेरेज लगता है लेकिन उसका कैमेरा क्वालिटी अवेरेज है,neutral
इस स्मार्टवाट्च की बैटरी लाइफ अवेरेज है और उसकी दुरबिलिटी भी अवेरेज है,neutral
येह एआरफोनेस का डेसिग्न सिम्पल है और उसका साउंड क्लारिटी अवेरेज है,neutral
इस गमिंग कंसोल का स्टोरेज कैपेसिटी अवेरेज है और उसका परफोर्मेंस भी अवेरेज है,neutral
येह स्मार्ट त्व का रेमोट कंट्रोल अवेरेज है और उसकी कॉनेक्टिविटी भी अवेरेज है,neutral
इस फिटनेस बंद की बुइल्ड क्वालिटी अवेरेज है और उसकी बैटरी लाइफ भी अवेरेज है,neutral
मुझे येह विफी राउटर अवेरेज लगता है लेकिन उसकी स्पीड काफी अवेरेज है,neutral
इस प्रिंटर का इंक उसगे अवेरेज है और उसका प्राइस भी अवेरेज है,neutral
येह कैमेरा का डेसिग्न सिम्पल है और उसकी पोर्टेबिलिटी भी अवेरेज है,neutral
इस स्पीकर का बस्स आउटपुट अवेरेज है और उसका प्राइस भी अवेरेज है,neutral
येह टैबलेट का स्टोरेज कैपेसिटी अवेरेज है और उसकी बैटरी लाइफ भी अवेरेज है,neutral
जॉगिंग के लिए एक टॉप हेडफोन।,happy
मैंने समीक्षाएँ पढ़कर इसे खरीदा और डिज़ाइन के संबंध में यह काफी अच्छा है। ध्यान देने के लिए ध्वनि थोड़ी गंदी है उच्च आवृत्तियों को थोड़ा जल्दी ही काट दिया गया है। मेरे Bose हेडफोन के समान नहीं है लेकिन मूल्य के लिए ठीक है।,neutral
तेजी से भेज दिया गया। शानदार हेडफोन्स! पहला जोड़ा एक साल तक चला। यह मेरे लिए एक बहुत लंबे समय का है! केवल ब्रांड जो मैं खरीदूंगा। उत्कृष्ट ग्राहक सेवा!,happy
मैंने बस ये उपलब्ध होने के लिए खरीदा था यदि मैं अपने Sony वाले को चार्ज करना भूल गया। ध्वनि गुणवत्ता इतनी अच्छी नहीं है। मैंने ये लंबी बैटरी लाइफ के लिए खरीदे थे... मेरे Sony वाले अभी भी बेहतर ध्वनि देते हैं।,sad
इन लोगों के साथ बैटरी लाइफ का मज़ाक नहीं है! मैंने इसे उन लोगों के कहने पर खरीदा और मैं खुश हूँ कि मैंने ऐसा किया। मैं इन्हें गायों को दूध निकालते समय और खेत के काम करते समय पहनता हूँ। गर्दनबंद सुखद है और मैंने इन्हें कुछ दिनों से इस्तेमाल किया है और अब भी 50% चार्ज पर हैं! दूरी भी बेहतर है मुझे लगता है कि यह बिना किसी दीवार या इस तरह की चीज़ के लगभग 100 गज पर पहुंचता है। यह बार्न के एक से दूसरे छोर से एक कुछ दीवारों के माध्यम से भी जाता है और जुड़ा रहता है। ध्वनि गुणवत्ता ठीक है। सम्पूर्ण रूप से मैं इन्हें पसंद करता हूँ और पुनः खरीदने के लिए पूरी तरह से खरीदूँगा! अपडेट 10-5-23: मेरे पास इन्हें कुछ महीनों के लिए ही है और एक ओर बंद हो गई!!! पता नहीं मैंने क्या किया या वे क्यों टूट गए! अगर तार बस ठीक है तो यह काम करेगा... कुछ ही सेकंड के लिए।,angry
एक साल से कम समय पहले खरीदा था। और अब यह चार्ज नहीं लेता।,sad
एक महीने तक बहुत अच्छे से काम किया फिर लाल LED चालू हो गया और बंद नहीं हो रहा है। बैटरी को निचोड़ रहा है। बहुत असंतुष्ट हूँ क्योंकि यह वापसी की खिड़की बंद होने तक प्रतीक्षा करता रहा।,angry
फ़ोन के साथ कनेक्ट करने में बहुत समय लेता है और कॉल के दौरान बार-बार डिस्कनेक्ट हो जाता है। सिफ़ारिश नहीं करता।,sad
मैंने अपने एमेज़न फ़ायर टैबलेट से इन्हें पेयर करने में सफल रहा हूँ लेकिन मेरे Samsung Galaxy S22 से पेयर नहीं हो रहा है। मुझे दोनों सिस्टम का उपयोग करने की आवश्यकता है। मदद करें। संभवतः इन्हें वापस भेज देना चाहिए।,angry
2 महीने 10 दिन पुराना है और हेडसेट में शॉर्ट हो गया है!!! वापसी की खिड़की बंद हो गई!! पूरी बकवास! सावधान रहें!,angry
मैंने अक्टूबर में उनके जन्मदिन के लिए इन्हें खरीदा था और 3 महीने बाद वे काम करना बंद कर दिए।,sad
एक कान के बजने के बुद्धि ने केवल पांच महीने बाद काम करना बंद कर दिया यह काफ़ी निराशाजनक है! अपने पैसे बर्बाद मत करें।,sad
इयरफ़ोन के डिज़ाइन से प्यार है लेकिन एक कान में से ध्वनि पहले ही धीरे-धीरे बंद होने लग गई है। एक ही समस्या के कारण दूसरे जोड़े की अनुरोध किया। दो जोड़ों के बाद वही ध्वनि समस्याएँ। और एक और नहीं खरीदेंगे।,sad
ज़ीरो स्टार्स,angry
शानदार ध्वनि गुणवत्ता सार्वजनिक मूल्य,neutral
हेडफ़ोन समय पर पहुंचे और जैसा कि वर्णित किया गया था।,neutral
मूल्य के लिए संयमी गुणवत्ता कुछ अद्वितीय नहीं।,neutral
ठीक काम करता है लेकिन बैटरी लाइफ बेहतर हो सकती है।,neutral
बहुत प्रभावित नहीं लेकिन काम बना लेता है।,neutral
सामान्य प्रदर्शन कुछ उत्कृष्ट नहीं।,neutral
पहनने में काफी आरामदायक लेकिन ध्वनि को स्पष्ट होना चाहिए।,neutral
सामान्य उपयोग के लिए ठीक है गंभीर ध्वनि प्रेमियों के लिए सिफ़ारिश नहीं करेंगे।,neutral
पर्याप्त ध्वनि गुणवत्ता लेकिन डिज़ाइन थोड़ा कमजोर महसूस होता है।,neutral
प्रभावित नहीं हैं नापसंद भी नहीं यह बस ठीक है।,neutral
बीच मार्ग विकल्प न तो बढ़िया न ही खराब।,neutral
बिल्कुल बेकार! ध्वनि में विफलता और बैटरी जल्दी खत्म हो जाती है।,angry
वास्तव में निराशाजनक! यह उत्कृष्टता से दूर है और सही मूल्य नहीं है।,angry
बेहद खराब! सिर्फ़ कुछ ही दिनों में ही खराब हो गया।,angry
यह केवल बगैर वजह की ध्वनि में अधिकतम है! कोई भी ध्वनि नहीं।,angry
यह एक महंगा धोखा है! उत्कृष्टता के लिए भुगतान नहीं किया जा सकता है।,angry
बेहद खराब सेवा! उत्पाद का विकल्प नहीं है।,angry
बिल्कुल बेकार सामान! कमजोर कोई ध्वनि नहीं।,angry
बहुत ही निराशाजनक! इसका नाम भी गलती से अच्छा है।,angry
इससे कोई उम्मीद नहीं थी! बिल्कुल बेकार प्रदर्शन।,angry
यह एक ठगी है! उत्पाद का विवरण अधिक आकर्षक लगता है लेकिन वास्तव में यह कुछ भी नहीं है।,angry
इन हेडफ़ोन्स के अधःपातल गुणवत्ता से पूरी तरह से निराश हो गया उन्हें इस्तेमाल करने के एक हफ्ते के भीतर ही टूट गए।,sad
खरीदारी से गहरी निराशा हो रही है क्योंकि वादा की गई टिकाऊता कहीं भी नहीं दिख रही थी।,sad
व्याकुलता में डूबकर निवेदित निवेदन में गलतियों के बारे में खोज के लिए उन्हें लगभग अप्रयोज्य बना दिया गया है।,sad
उम्मीदों के सबसे बुनियादी प्रत्याशाओं को पूरा करने में हेडफ़ोन्स विफल होने से दुःख की गहराई में डूबे हैं।,sad
संभावना से भी ज्यादा दुख का अनुभव करते हुए क्योंकि एक बार वादा किया गया डिवाइस आगमन के बस कुछ दिनों बाद खराब हो गया।,sad
निराशा के भार के साथ डूबा हुआ क्योंकि ये हेडफ़ोन्स सिर्फ एक महंगा निराशाजनक साबित हो गए हैं।,sad
गहरे उदासी में गिरने पर उन वादानुसार अध्यात्मिक ऑडियो अनुभव को अब भीड़न और फटकारने की निरंतरता के साथ आपत्ति है।,sad
निराशा के वजन से दबे हुए क्योंकि हेडफ़ोन्स ने विज्ञापित प्रदर्शन के एक हिस्से को भी प्रदान करने में विफलता प्रदर्शित की।,sad
गहनता के एक गहरे भाव में क्योंकि हेडफ़ोन्स अपेक्षित समय से कहीं ज्यादा तेजी से निर्णयित हो गए।,sad
दुःख के बादलों में लिपटे हुए पता चलता है कि जो लगता था कि एक ठोस निवेश है वह बिल्कुल व्यर्थ खर्च हो गया है।,sad
यह खिलौना बच्चों के मनोरंजन में नया आयाम लेकर आया है।,happy
इस खिलौने ने मेरे बच्चे की रोचकता को बढ़ाया है।,happy
इस खिलौने की सामग्री किफायती है और इसका निर्माण अत्यधिक गुणवत्ता का है।,happy
यह खिलौना हमारे बच्चे के निरंतर विकास में मदद करता है।,happy
इस खिलौने के अंदर एक संवेदनशीलता है जो हमारे बच्चों के लिए अद्वितीय है।,happy
खेलते समय मेरे बच्चे का मुख हमेशा हंसता है।,happy
यह खिलौना हमारे परिवार के सदस्यों को मिलकर खुशियाँ देता है।,happy
खिलौने के विभिन्न आकार और रंगों ने बच्चों के रचनात्मक दृष्टिकोण को बढ़ाया है।,happy
यह खिलौना हमारे बच्चों के सोचने और समस्या समाधान की क्षमता को बढ़ाता है।,happy
इस खिलौने ने हमारे घर में जोश और उत्साह का एक नया स्तर स्थापित किया है।,happy
इस खिलौने के साथ खेलकर बच्चे स्वतंत्रता और स्वाधीनता का अहसास करते हैं।,happy
खेलते समय बच्चे का समय काफी साथीपूर्ण बन जाता है।,happy
इस खिलौने के द्वारा बच्चों का संस्कृतिक और सामाजिक विकास होता है।,happy
इस खिलौने का उपयोग करके हमारे बच्चे का ध्यान समाधान के प्रति बढ़ता है।,happy
खिलौने के साथ खेलकर बच्चे का शारीरिक स्वास्थ्य और आत्म-समर्थन मजबूत होता है।,happy
खिलौने की रंगत और आकार ने हमारे बच्चों के रंग-बिरंगे संवेदनशीलता को प्रोत्साहित किया है।,happy
खिलौने का निर्माण उच्च गुणवत्ता के साथ होता है जिससे उसकी लंबी उम्र होती है।,happy
खिलौने के साथ खेलकर बच्चों की स्वतंत्रता का समर्थन किया जाता है।,happy
इस खिलौने ने अपने उत्कृष्ट डिज़ाइन के साथ हमारे बच्चों को मनोरंजन से भरपूर बनाया है।,happy
खिलौने के अलग-अलग खेलों ने हमारे बच्चों की शैली और विचारधारा को विस्तृत किया है।,happy
इस खिलौने के विचित्र डिज़ाइन और इंटरैक्टिव विशेषताओं से खुश।,happy
हर बार जब वे इसके साथ खेलते हैं तब मेरे बच्चे के चेहरे पर आनंद का अद्वितीय अनुभव होता है।,happy
हर बार जब वे इसके साथ खेलते हैं तब मेरे बच्चे के चेहरे पर आनंद का अद्वितीय अनुभव होता है।,happy
शिक्षात्मक मूल्य से पूर्ण खेलने योग्य खिलौने में संगीतित मनोरंजन के साथ हर्षित।,happy
इस खिलौने द्वारा प्रस्तुत की जाने वाली बहुमुखी और अनंत मनोरंजन संभावनाओं से मोहित।,happy
घंटों तक कल्पनाशील खेल में लगे हुए मेरे बच्चे के साथ खुशी की चमक।,happy
इस खिलौने के धन्यवाद घर में गूंजने वाले हंसी और कुहुक के लिए उत्साहित।,happy
प्रतिदिन नए तरीके से इस खिलौने के साथ बच्चे के नए तरीकों की खोज में आनंदित।,happy
खेलनेवाली रचना के प्रिय रंगों और आकर्षक बनावट के साथ गुदगुदाने वाले।,happy
इस खिलौने के साथ खेलते समय मेरे बच्चे की समस्या समाधान की कौशलता के साथ-साथ गर्वित होते हैं।,happy
मेरे बच्चे के ध्यान को मोहित करने वाली मंत्रमुग्धकारी ध्वनियों और प्रकाशों से मोहित।,happy
इस खिलौने ने अंतहीन जिज्ञासा और अन्वेषण को उत्तेजित करने के साथ उत्साहित किया है।,happy
परिवार के साथ खेलने के दौरान जो खुशी यह खिलौना लाता है उससे अत्यधिक खुश है।,happy
इस खिलौने के साथ खेलते समय मेरे बच्चे को अपने काल्पनिक कथा की गहरी खुशी से भरपूर होते हैं।,happy
इस खिलौने के साथ खेलने से मेरे बच्चे के मोटर कौशल और समन्वय में सुधार होने पर उत्साहित।,happy
साथियों और दोस्तों के बीच सहयोगात्मक खेल को प्रोत्साहित करने वाली अद्भुत डिज़ाइन से खुश,happy
इस खिलौने की कड़ाई मुश्किलों और तनावों की दुर्गति का प्रतिनिधित्व करती है।,sad
खिलौने की नापसंदीदगी मेरे बच्चे के उत्साह को कम करती है और उन्हें खेलने से दूर करती है।,sad
इस खिलौने का निर्माण किस्मत की तरह कठिन और अयोग्य है जो इसे आकर्षक बनाने की क्षमता कम करता है।,sad
खिलौने की कमजोर अवधारणा और निर्माण में त्रुटियों ने मेरे बच्चे की उत्साहशीलता को प्रभावित किया है।,sad
इस खिलौने के निर्माण में पाए जाने वाले अभिरुचित गुणवत्ता और तंत्रिका त्रुटियाँ ने मेरे बच्चे को निराश कर दिया है।,sad
खिलौने का विनाशकारी प्रभाव ने मेरे बच्चे को खेलने के प्रति आकर्षित करने के बजाय उन्हें हीरा बना दिया है।,sad
खिलौने के निर्माण में गलतियों ने मेरे बच्चे को निराश कर दिया है जो उनके रुचि में कमी और विकास को रोक रही है।,sad
खिलौने की अयोग्यता ने मेरे बच्चे को खिलाड़ी निर्माण में निराश कर दिया है जिससे उनकी रूचि में अवरुद्धता आई है।,sad
खिलौने की अस्वीकृति ने मेरे बच्चे के उत्साह को खत्म किया है और उन्हें खेलने में रुचि नहीं रखने दी।,sad
खिलौने के पर्याप्त गुणवत्ता की कमी ने मेरे बच्चे को खुश और संतुष्ट नहीं रखा है बल्कि उनकी उत्साहित भावनाओं को नकारात्मक रूप में परिणामित किया,sad
खिलौने का नुकसान ने मेरे बच्चे को आकर्षित करने के बजाय उनके रुचि में कमी का कारण बना दिया है।,sad
खिलौने की अव्यवस्थित निर्माण ने मेरे बच्चे को खेलने की अविश्वसनीयता का अहसास कराया है।,sad
खिलौने की अनदेखी और बेपरवाही ने मेरे बच्चे को खेलने के प्रति अपनी रुचि खो दी।,sad
खिलौने की अव्यवस्थितता ने मेरे बच्चे को बचपन की आनंद की भावना से वंचित कर दिया है।,sad
खिलौने की अयोग्य डिज़ाइन ने मेरे बच्चे की उत्साहितता को बाधित किया है जिससे उन्हें उत्साह कम हो गया है।,sad
खिलौने की अनुरूपता ने मेरे बच्चे को खेलने के प्रति उनकी रुचि को कम किया है जिससे उन्हें खुशी कम हो गई है।,sad
खिलौने का असंतुष्ट अनुभव ने मेरे बच्चे के खेलने की खुशियों को विनाश किया है।,sad
खिलौने की अयोग्य गुणवत्ता ने मेरे बच्चे की रूचि में विकार और उबाऊपन को लाना शुरू किया है।,sad
खिलौने का अन्यायपूर्ण निर्माण ने मेरे बच्चे को खेलने के प्रति अपनी आस्था को खो दिया है।sad
खिलौने की असंतोषजनक गुणवत्ता ने मेरे बच्चे को असहाय और विचलित बना दिया है।,sad
खिलौने के नुकसानदायक निर्माण ने मेरे बच्चे को उत्साह और प्रेरणा से वंचित कर दिया है।,sad
खिलौने का अयोग्य डिज़ाइन ने मेरे बच्चे को खेलने के प्रति उनकी उत्सुकता को कम किया है।,sad
यह खिलौना बिल्कुल बेकार है! निर्माण में गड़बड़ी है और इसका उपयोग करना सबसे बेहद मुश्किल है।,angry
खिलौने की बिगड़ती गुणवत्ता ने मेरे बच्चे को व्याकुल और आपत्तिजनक बना दिया है।,angry
इस खिलौने का निर्माण बेहद नापसंदीदा है! यह फालतू खर्च है और उपयोग में अत्यधिक कठिनाई होती है।,angry
खिलौने की अनदेखी ने मेरे बच्चे को खिलाड़ी के साथ संवाद में कठिनाई का सामना करना पड़ रहा है।,angry
यह खिलौना बेहद विकारी है! इसका उपयोग करने के लिए स्वतंत्रता से बाहर जाना होगा।,angry
खिलौने की अयोग्य गुणवत्ता ने मेरे बच्चे को उत्साह कम कर दिया है और उन्हें विफलता का अनुभव कराया है।,angry
इस खिलौने का निर्माण अत्यधिक भद्दा है! इसका उपयोग करने का प्रयास करना एक वास्तविक कठिनाई है।,angry
खिलौने की अनुपयोगी डिज़ाइन ने मेरे बच्चे को व्याकुल और नाराज बना दिया है।,angry
यह खिलौना वास्तव में गंभीरता से लाचार है! इसका उपयोग करने से बेहद अप्रियता होती है।,angry
इस खिलौने का उपयोग करने में अत्यधिक खराबी है! यह बिल्कुल असहयोगी और अप्रभावी है।,angry
खिलौने की अनुपयोगीता ने मेरे बच्चे को खेलने की इच्छा को कम किया है और उन्हें निराश कर दिया है।,angry
यह खिलौना बिल्कुल असार है! निर्माण में गड़बड़ी होने के कारण इसका उपयोग करना असंभव है।,angry
खिलौने की निर्माण में कई तकनीकी त्रुटियाँ हैं जिसके कारण इसका उपयोग करना संभव नहीं है।,angry
खिलौने की अयोग्य गुणवत्ता ने मेरे बच्चे को बेहद नाराजगी में डाल दिया है।,angry
स खिलौने के निर्माण में धातु के भारी उपयोग के कारण यह अत्यधिक अविश्वसनीय और खराब हो गया है।,angry
खिलौने की असंतुष्ट गुणवत्ता ने मेरे बच्चे को अत्यधिक भद्दा और निराश कर दिया है।,angry
खिलौने का अयोग्य निर्माण ने मेरे बच्चे को अपराधी और क्रोधी बना दिया है।,angry
यह खिलौना बिल्कुल अयोग्य है! इसका उपयोग करने में कठिनाई होती है और यह संभव नहीं है।,angry
खिलौने की बिगड़ती गुणवत्ता ने मेरे बच्चे को नाराजगी और निराशा से भर दिया है।,angry
इस खिलौने की अनदेखी गुणवत्ता ने मेरे बच्चे को निराशा और असंतुष्टि में डाल दिया है।,angry
खिलौने का निर्माण इतनी बुरी है कि यह केवल खिलौना होने के नाते ही रह गया है।,angry
खिलौने की अनुपयोगी डिज़ाइन ने मेरे बच्चे को अत्यधिक क्रोधित और निराश कर दिया है।,angry
यह खिलौना असहाय और अप्रभावी है जिसके उपयोग से केवल निराशा ही मिलती है।,angry
खिलौने की अयोग्यता ने मेरे बच्चे को अविश्वासी और नाराजगी में डाल दिया है।,angry
खिलौने का असंतुष्ट निर्माण ने मेरे बच्चे को अत्यधिक भद्दा महसूस करवाया है जो उन्हें निराश कर देता है।,angry
यह खिलौना उत्साहित नहीं करता लेकिन यह भी बहुत ही अच्छा नहीं है।,neutral
खिलौने का उपयोग करने के लिए कोई विशेष उत्साह नहीं है लेकिन इसकी गुणवत्ता सामान्य है।,neutral
खिलौना ठीक-ठाक है लेकिन इसमें कुछ विशेष नहीं है।,neutral
यह खिलौना न तो खास पसंद है और न ही बिल्कुल बुरा।,neutral
खिलौना साधारण है इसमें कोई विशेष चमत्कार नहीं है।,neutral
खिलौना काफी मामूली है लेकिन उसका उपयोग किया जा सकता है।,neutral
खिलौना निराशाजनक भी नहीं है लेकिन यह भी कुछ खास नहीं है।,neutral
खिलौना आम तौर पर है कुछ भी अत्यधिक या अत्यधिक कम नहीं है।,neutral
यह खिलौना माध्यमिक है न तो अत्यधिक प्रशंसित और न भी अत्यधिक नाराजगी का कारण है।,neutral
खिलौना उसके मूल्यांकन में सामान्य है लेकिन कुछ भी विशेष नहीं है।,neutral
यह खिलौना कुछ विशेष नहीं है लेकिन उसकी गुणवत्ता सामान्य है।,neutral
खिलौना औसत है न तो खास प्रेरणा देता है और न ही बिल्कुल बेकार है।,neutral
यह खिलौना साधारण है जो किसी विशेष प्रकार की प्रशंसा या आलोचना के योग्य नहीं है।,neutral
खिलौना कुछ खास नहीं है लेकिन उसकी उपयोगिता ठीक-ठाक है।,neutral
यह खिलौना कुछ विशेष नहीं है लेकिन उसके मूल्य और उपयोगिता में अच्छा है।,neutral
खिलौना काफी सामान्य है जिसमें कोई खास चमत्कार नहीं है।,neutral
खिलौना औसत है जिसमें कोई विशेष उत्साह नहीं है।,neutral
खिलौना ठीक-ठाक है लेकिन उसमें कुछ विशेष नहीं है।,neutral
यह खिलौना बिल्कुल सामान्य है न तो उत्साहित करता है और न भी बहुत नाराजगी का कारण है।,neutral
खिलौना कुछ विशेष नहीं है लेकिन उसका उपयोग किया जा सकता है।,neutral
खिलौना कुछ खास नहीं है लेकिन उसका उपयोग किया जा सकता है।,neutral
खिलौना बिल्कुल आम है जो किसी विशेष आकर्षण या नाराजगी का कारण नहीं है।,neutral
बड़ी खुशी हुई जब हमने इस आपातकालीन लाइट को खरीदा! अब हमें रात को अँधेरे से नहीं डरना पड़ता।,happy
ये लाइट बिल्कुल चमकदार है! गाँव की सड़कों को रोशन करती है और हमें सुरक्षित रखती है।,happy
इस आपातकालीन लाइट के आने से हमारे गाँव की रातें बिल्कुल बदल गई हैं! अब हम अँधेरे में काम कर सकते हैं।,happy
ये लाइट जल्दी ही हमारे गाँव की जिंदगी का हिस्सा बन गई है! अब हमें बिना दर के अंधेरे में बिना किसी चिंता के रहने का मौका मिलता है।,happy
इस आपातकालीन लाइट ने हमारे गाँव को सजीव कर दिया है! अब रात को बात करने या काम करने का डर नहीं रहा।,happy
हमने इस आपातकालीन लाइट को काम के लिए खरीदा और हम खुश हैं कि हमने यह फैसला किया! अब हमें नहीं डरना पड़ता कि बिजली कब चली जाएगी।,happy
ये लाइट हमें अनजानी जगहों में चलने के लिए सहायक है! अब हमें अपने घर की ओर रास्ता मिलता है और हम सुरक्षित रहते हैं।,happy
इस आपातकालीन लाइट के साथ हमारे गाँव में अब अँधेरे में अपने खेतों का काम करना बहुत ही आसान हो गया है।,happy
हमारे पास इस लाइट का उपयोग करने का खुशी का कारण यह है कि हम अब अपने गाँव को सुरक्षित रख सकते हैं चाहे रात हो या दिन।,happy
ये लाइट खरीदने के बाद हमने गाँव की सुरक्षा में बड़ा बदलाव महसूस किया है! अब हमें अपने परिवार की चिंता करने की जरूरत नहीं है।,happy
इस लाइट की रोशनी हमारे गाँव को नया जीवन दे रही है! अब हम रात को भी सुरक्षित और सुरंगों में रोशनी में चल सकते हैं।,happy
इस लाइट ने हमारे गाँव को आंधेरे से बचाया है! अब हमें अपने रोजगारों को जारी रखने का मौका मिलता है।,happy
खुशी की बात है कि हमने इस आपातकालीन लाइट को खरीदा! अब हमारे गाँव में विद्यालयों को भी रोशनी की आवश्यकता पूरी हो रही है।,happy
आपातकालीन लाइट की रोशनी ने हमें नई आस्था और उत्साह दिया है! अब हम सभी मिलकर गाँव की सुरक्षा का ख्याल रख सकते हैं।,happy
इस लाइट ने हमारी दिनचर्या को सुखद बना दिया है! अब हमें रात में भी बिना चिंता के काम करने का मौका मिलता है।,happy
खुशी की बात है कि हमने इस लाइट को अपने गाँव में लगाया! अब हम अपने घर के आस-पास की सुरक्षा को बढ़ावा दे सकते हैं।,happy
इस लाइट के आगमन से हमारे गाँव की सुरक्षा की जिम्मेदारी में एक नई दिशा मिली है! अब हमें अपने बच्चों की भी सुरक्षा का ख्याल रखने का मौका मिला है।,happy
आपातकालीन लाइट का उपयोग करने से हमने अपने गाँव को एक नया और सुरक्षित चेहरा दिया है! अब हम रोजमर्रा के कामों को आसानी से संपन्न कर सकते हैं।,happy
ये लाइट न केवल हमारे गाँव को रोशन करती है बल्कि हमारे मन को भी राहत प्रदान करती है! अब हम सभी अधिक खुशहाल और निराशाजनक हैं।,happy
बहुत दुख होता है कि ये आपातकालीन लाइट बहुत जल्दी खराब हो गई। हमें बिल्कुल नहीं लगा था कि यह इतनी जल्दी खत्म हो जाएगी।,sad
लाइट ने कुछ ही दिनों में बंद हो गई और हम बिना बिजली के अंधेरे में फंस गए।,sad
हमारे आपातकालीन लाइट का अचानक ही खत्म हो जाना हमें बहुत दुखी कर दिया। अब हमें रात में अपने घर के आस-पास की सुरक्षा का ख्याल रखना पड़ेगा।,sad
लाइट बस कुछ ही दिनों में काम करना बंद कर दी जिससे हमें बहुत ही असंतुष्टि हुई।,sad
हमारी लाइट ने अपने आप ही बंद हो जाना जो हमें बहुत उदास कर दिया। अब हम बिना रोशनी के ही जीने के लिए मजबूर हैं।,sad
इस लाइट का बंद हो जाना हमें अचानक ही समझ में नहीं आया। अब हम बिना रात में काम करने के किसी सोच से हैं।,sad
हमने इस लाइट को खरीदा था कि हमारे गाँव को रोशनी मिले लेकिन यह अचानक ही खराब हो गई। अब हमें अपने पास बिजली का इंतजार करना पड़ेगा।,sad
लाइट की अचानक ही कमजोर हो जाना हमें बहुत निराश किया क्योंकि अब हमें फिर से एक नई लाइट खरीदने की जरूरत है।,sad
यह अप्रत्याशित था कि हमारी लाइट इतनी जल्दी खराब हो जाएगी। हमें बिल्कुल इसकी उम्मीद नहीं थी।,sad
हमारी लाइट अचानक ही बंद हो जाने से हमारे घर का अपना सुरक्षा भी खतरे में आ गया है।,sad
इस लाइट का बंद हो जाना हमें काफी अधिक परेशानी में डाल दिया है क्योंकि अब हमें रात के समय काम करने में मुश्किल हो रही है।,sad
हमें बहुत अफसोस है कि हमारी लाइट बंद हो गई जिससे हमें रात के समय गाँव में काम करने में बहुत मुश्किल हो रही है।,sad
हमें दुःख है कि हमारी लाइट इतनी जल्दी खराब हो गई है और हमें अब दोबारा से नई लाइट खरीदने की जरूरत है।,sad
यह अप्रत्याशित है कि हमारी लाइट इतनी जल्दी खराब हो गई है और हमें अब उसे ठीक कराने की भी कोई उम्मीद नहीं है।,sad
हमें बहुत अफसोस है कि लाइट का बंद हो जाना हमारे गाँव की सुरक्षा को खतरे में डाल दिया है।,sad
बिजली के बिना हमारी जिंदगी अब बहुत ही मुश्किल हो गई है और लाइट का बंद हो जाना हमें और अधिक परेशान कर रहा है।,sad
लाइट का बंद हो जाना हमें गहरी चिंता में डाल दिया है क्योंकि अब हम अँधेरे में फंस गए हैं।,sad
हमें बहुत दुख है कि हमारी लाइट बिल्कुल ही काम करना बंद कर दी और हमें इसका कोई सहारा नहीं मिल रहा है।,sad
लाइट का अचानक ही बंद हो जाना हमें अपरिहार्य समस्याओं का सामना करने के लिए छोड़ दिया है।,sad
हमें अधिक परेशानी हो रही है कि हमारी लाइट का बंद हो जाना हमारी सुरक्षा को खतरे में डाल सकता है।,sad
लाइट का बंद हो जाना हमें बिना बिजली के अंधेरे में फंसा दिया है जिससे हमें बहुत ही असहाय महसूस हो रहा है।,sad
हमें बहुत अफसोस है कि हमने यह लाइट खरीदी क्योंकि इसका उपयोग हमें केवल कुछ ही दिनों के लिए मिला।,sad
लाइट का बंद हो जाना हमें बिना बिजली के अंधेरे में फंसा दिया है जिससे हमारा काम बंद हो गया है।,sad
हमें यह देखकर बहुत अफसोस हो रहा है कि हमारी लाइट का बंद हो जाना हमें इतनी बड़ी तकलीफ दे रहा है।,sad
लाइट का अचानक ही बंद हो जाना हमारे गाँव को बिना बिजली के अंधेरे में फंसा दिया है जिससे हमें बहुत बड़ी समस्या का सामना करना पड़ रहा है।,sad
ये लाइट बिल्कुल बेकार है! क्या चूरन बनाने के लिए बनाया गया है?,angry
मुझे पूरी तरह से नाराजगी है कि ये लाइट काम करना ही छोड़ दिया!,angry
लाइट तो उठाने के लिए नहीं फेंकने के लिए है!,angry
इस बेकार लाइट का क्या करूं? सिर्फ अपना समय और पैसा बर्बाद किया!,angry
जो भी इसे बनाया है उसे धमकी देनी चाहिए! ऐसी करके गाँव के लोगों का पैसा लूट रहे हैं!,angry
ये लाइट तो सिर्फ नाम की ही लाइट है असल में तो ये एक बड़ा धोखा है!,angry
इसके साथ तो मैंने अपना खराब कर दिया! कोई और मत खरीदो!,angry
ये लाइट लेकर मैंने गलती कर ली! मैं कभी भी फिर इस ब्रांड का कुछ नहीं खरीदूंगा!,angry
लाइट तो खुद काम नहीं करती और इसकी वजह से मेरा अपना नुकसान हो गया!,angry
बिल्कुल बेकार लाइट! क्या खास बात है इसमें?,angry
अब मुझे यकीन हो गया है इस दुनिया में कुछ भी अच्छा नहीं हो सकता!,angry
जो भी इसे बनाया है उसे जेल में डाला जाना चाहिए! लोगों का मजाक बनाते हैं!,angry
अब मुझे खुद को ही गाली देने का मन हो रहा है! मैंने इस लाइट को लेकर कितना बड़ा गलती किया है!,angry
इस लाइट की वजह से मेरा पूरा दिन खराब हो गया! बिना किसी रोशनी के रहना पड़ा!,angry
ऐसा लगता है जैसे मेरे साथ एक ठगी हुई हो! बिजली का बिल भी इससे अच्छा होता!,angry
ये लाइट बस धोखा है! लोगों को बेवकूफ बनाते हैं और पैसे लूटते हैं!,angry
मुझे अपने आप पर गुस्सा आ रहा है कि मैंने इसे खरीदा! इससे बेकार कुछ नहीं हो सकता!,angry
लाइट की बैटरी तो कुछ ही दिनों में कम हो गई! बिना बिजली के रहना पड़ा!,angry
ये लाइट नहीं लुट का सिर्फ एक नया ढंग है! पैसे लगाने का कोई फायदा नहीं है!,angry
मेरा पैसा बिल्कुल बर्बाद हो गया! इस लाइट के लिए इतना मेहनत करने का क्या मतलब था?,angry
इस लाइट के आगे मेरी सारी उम्मीदें टूट गईं! क्या यही आधुनिकता है?,angry
लाइट ने मेरे साथ धोखा किया! अब मैं और कभी इसके बारे में सोचने का नाम भी नहीं लेता!,angry
इसकी वजह से मेरा पूरा दिन बर्बाद हो गया! ऐसे लाइट के लिए अपना पैसा खो दिया!,angry
ये लाइट लेने के बाद से ही मेरा दिन खराब हो गया! कभी फिर से नहीं खरीदूंगा!,angry
इस लाइट का सिर्फ एक ही उपयोग है - गाली देने का! बिल्कुल भी काम नहीं करती!,angry