Review, Sentiment
येह प्रोडक्ट बिलकुल बेकर है खरब क्वालिटी और बेकार कस्टोमर सर्विस बहुत गुस्सा आ रहा है मुझे,Angry
मुझे येह प्रोडक्ट बोहोत पसंद आया क्वालिटी मस्त है और डेलिवरी भी टाइम पर हुई बोहोत खुश हूँ मैं,Happy
इस प्रोडक्ट की क्वालिटी इत्नी घटिया है की मुझे रोना आ रहा है पैसा बरबाद कर दिया बहुत दुख हो रहा है मुझे,Sad
वॉव क्या अमजिंग प्रोडक्ट है बहुत ही अच्ची क्वालिटी है और प्रिस भी काफी रियसोनबल है डिल से खुश हूँ मैं,Happy
कस्टोमर सर्विस वालों ने मुझे बिलकुल भी सुप्पोर्ट नही किया बहुत गुस्सा आ रहा है मुझे प्रोडक्ट भी डेफेक्टिव ठा,Angry
येह प्रोडक्ट बिलकुल मस्त है बहुत ही अच्चा काम किया है कंपनी ने डिल खुश हो गया इस प्रोडक्ट से बहुत खुश हूँ मैं,Happy
डेलिवरी बहुत लटे हुई और प्रोडक्ट भी डमगेड ठा बहुत गुस्सा आ रहा है मुझे,Angry
इस प्रोडक्ट को खरिदने के बाद मुझे सिर्फ डिसप्पोइंटमेंट मिली है क्वालिटी घटिया है और प्रिस भी ज्यादा बहुत दुख हो रहा है मुझे,Sad
मुझे येह प्रोडक्ट पसंद आया क्वालिटी थिक है और प्रिस भी रियसोनबल है खुशी हो रही है मुझे,Happy
प्रोडक्ट की क्वालिटी बेकर है और कस्टोमर सर्विस भी खरब है बहुत गुस्सा आ रहा है मुझे,Angry
येह प्रोडक्ट खरब है बहुत ही बकवास क्वालिटी है और प्रिस भी ज्यादा है मुझे बहुत गुस्सा आ रहा है,Angry
प्रोडक्ट अच्ची क्वालिटी की है लेकिन प्रिस ज्यादा है ठोड़ा गुस्सा आ रहा है पर खुशी भी है की क्वालिटी अछी है,Happy
कस्टोमर सर्विस बहुत ही बेकर है प्रोडक्ट भी डेफेक्टिव ठा और रेफंड भी नही मिला गुस्सा हो रहा है मुझे,Angry
मुझे येह प्रोडक्ट बहुत पसंद आया क्वालिटी मस्त है और प्रिस भी थिक है डिल से खुश हूँ मैं,Happy
इस प्रोडक्ट का क्वालिटी इत्ना बेकर है की मुझे रोना आ रहा है बहुत घटिया एक्सपेरिएंस रहा मुझे,Sad
वॉव क्या अमजिंग प्रोडक्ट है क्वालिटी बहुत अच्ची है और प्रिस भी रियसोनबल है बहुत खुश हूँ मैं,Happy
कस्टोमर सर्विस वालों ने बिलकुल भी सुप्पोर्ट नही किया बहुत गुस्सा आ रहा है मुझे प्रोडक्ट भी डेफेक्टिव ठा,Angry
येह प्रोडक्ट बिलकुल बकवास है खरब क्वालिटी है और प्रिस भी ज्यादा है बहुत गुस्सा आ रहा है मुझे,Angry
डेलिवरी टाइम पर नही हुई और प्रोडक्ट भी डमगेड ठा बहुत गुस्सा आ रहा है मुझे,Angry
इस प्रोडक्ट के बाद मुझे सिर्फ डिसप्पोइंटमेंट मिली है क्वालिटी बेकर है और प्रिस भी ज्यादा बहुत दुख हो रहा है मुझे,Sad
मुझे येह प्रोडक्ट पसंद आया क्वालिटी थिक है और प्रिस भी रियसोनबल है खुशी हो रही है मुझे,Happy
प्रोडक्ट की क्वालिटी बेकर है और कस्टोमर सर्विस भी खरब है बहुत गुस्सा आ रहा है मुझे,Angry
येह प्रोडक्ट मस्त है बहुत ही अच्चा काम किया है कंपनी ने डिल खुश हो गया इस प्रोडक्ट से बहुत खुश हूँ मैं,Happy
डेलिवरी बहुत लटे हुई और प्रोडक्ट भी डमगेड ठा बहुत गुस्सा आ रहा है मुझे,Angry
इस प्रोडक्ट की क्वालिटी इत्नी घटिया है की मुझे रोना आ रहा है पैसा बरबाद कर दिया बहुत दुख हो रहा है मुझे,Sad
मुझे येह प्रोडक्ट बोहोत पसंद आया क्वालिटी मस्त है और डेलिवरी भी टाइम पर हुई बोहोत खुश हूँ मैं,Happy
वॉव क्या अमजिंग प्रोडक्ट है बहुत ही अच्ची क्वालिटी है और प्रिस भी काफी रियसोनबल है डिल से खुश हूँ मैं,Happy
कस्टोमर सर्विस वालों ने मुझे बिलकुल भी सुप्पोर्ट नही किया बहुत गुस्सा आ रहा है मुझे प्रोडक्ट भी डेफेक्टिव ठा,Angry
येह प्रोडक्ट बिलकुल मस्त है बहुत ही अच्चा काम किया है कंपनी ने डिल खुश हो गया इस प्रोडक्ट से बहुत खुश हूँ मैं,Happy
डेलिवरी बहुत लटे हुई और प्रोडक्ट भी डमगेड ठा बहुत गुस्सा आ रहा है मुझे,Angry
इस प्रोडक्ट को खरिदने के बाद मुझे सिर्फ डिसप्पोइंटमेंट मिली है क्वालिटी घटिया है और प्रिस भी ज्यादा बहुत दुख हो रहा है मुझे,Sad
मुझे येह प्रोडक्ट पसंद आया क्वालिटी थिक है और प्रिस भी रियसोनबल है खुशी हो रही है मुझे,Happy
प्रोडक्ट की क्वालिटी बेकर है और कस्टोमर सर्विस भी खरब है बहुत गुस्सा आ रहा है मुझे,Angry
येह प्रोडक्ट खरब है बहुत ही बकवास क्वालिटी है और प्रिस भी ज्यादा है मुझे बहुत गुस्सा आ रहा है,Angry
प्रोडक्ट अच्ची क्वालिटी की है लेकिन प्रिस ज्यादा है ठोड़ा गुस्सा आ रहा है पर खुशी भी है की क्वालिटी अछी है,Happy
कस्टोमर सर्विस बहुत ही बेकर है प्रोडक्ट भी डेफेक्टिव ठा और रेफंड भी नही मिला गुस्सा हो रहा है मुझे,Angry
मुझे येह प्रोडक्ट बहुत पसंद आया क्वालिटी मस्त है और प्रिस भी थिक है डिल से खुश हूँ मैं,Happy
इस प्रोडक्ट का क्वालिटी इत्ना बेकर है की मुझे रोना आ रहा है बहुत घटिया एक्सपेरिएंस रहा मुझे,Sad
वॉव क्या अमजिंग प्रोडक्ट है क्वालिटी बहुत अच्ची है और प्रिस भी रियसोनबल है बहुत खुश हूँ मैं,Happy
कस्टोमर सर्विस वालों ने बिलकुल भी सुप्पोर्ट नही किया बहुत गुस्सा आ रहा है मुझे प्रोडक्ट भी डेफेक्टिव ठा,Angry
येह प्रोडक्ट बिलकुल बकवास है खरब क्वालिटी है और प्रिस भी ज्यादा है बहुत गुस्सा आ रहा है मुझे,Angry
डेलिवरी टाइम पर नही हुई और प्रोडक्ट भी डमगेड ठा बहुत गुस्सा आ रहा है मुझे,Angry
इस प्रोडक्ट के बाद मुझे सिर्फ डिसप्पोइंटमेंट मिली है क्वालिटी बेकर है और प्रिस भी ज्यादा बहुत दुख हो रहा है मुझे,Sad
येह प्रोडक्ट बहुत ही अवेरगे है क्वालिटी थिकठक है लेकिन प्रिस काफी हिघ है कोई स्पेशियल फील नही आ रहा मुझे,Neutral
कस्टोमर सर्विस काफी बेकर है फोने ही नही उठते बहुत गुस्सा आ रहा है मुझे,Angry
मुझे येह प्रोडक्ट पसंद आया क्वालिटी काफी अच्ची है और प्रिस भी रियसोनबल है डिल से खुश हूँ मैं,Happy
इस प्रोडक्ट काफी बेकर है मैं रेफंड के लिये अप्ली किया ठा लेकिन कोई रेस्पोंस नही मिला बहुत दुख हो रहा है मुझे,Sad
वॉव येह प्रोडक्ट तोह एक्सपेक्टेशन्स से भी उपर निकला क्वालिटी टोपनोट्च है और प्रिस भी बहुत रियसोनबल है बहुत खुश हूँ मैं,Happy
डेलिवरी टाइम पर हुई और प्रोडक्ट भी इंटैक्ट ठा बहुत अच्चा लगा मुझे,Happy
इस प्रोडक्ट के फीटूरेस बहुत लिमिटेड हैं और क्वालिटी भी अवेरगे है प्रिस के हिसाब से बिलकुल भी जुस्तिफी नही होता डिसप्पोइंटेड हूँ मैं,Sad
मुझे येह प्रोडक्ट उसे कर्ते हुए कोई स्पेशियल फील नही आया क्वालिटी और प्रिस दोनो अवेरगे हैं न्यूट्रल हूँ मैं,Neutral
कस्टोमर सर्विस काफी रेस्पोंसिव है और प्रोडक्ट भी अच्चा है खुशी हो रही है मुझे,Happy
येह प्रोडक्ट बिलकुल बेकर है क्वालिटी खरब है और प्रिस भी ज्यादा है बहुत गुस्सा आ रहा है मुझे,Angry
डेलिवरी बहुत लटे हुई और प्रोडक्ट भी डमगेड ठा बहुत गुस्सा आ रहा है मुझे,Angry
इस प्रोडक्ट को खरिदने के बाद मुझे सिर्फ रेग्रेट हुआ है क्वालिटी बिलकुल बेकर है और प्रिस भी बहुत ज्यादा है बहुत दुखी हूँ मैं,Sad
मुझे येह प्रोडक्ट पसंद आया क्वालिटी मस्त है और प्रिस भी अफ़ोरदाबल है डिल से खुश हूँ मैं,Happy
वॉव क्या अमजिंग प्रोडक्ट है क्वालिटी और परफोर्मेंस दोनो ही आउटस्टैंडिंग हैं बहुत ही खुश हूँ मैं,Happy
कस्टोमर सर्विस वाले बहुत ही उनप्रोफेसियोंल हैं बहुत गुस्सा आ रहा है मुझे,Angry
येह प्रोडक्ट बिलकुल बकवास है कोई भी रिकमेंड नही करेगा बहुत गुस्सा आ रहा है मुझे,Angry
डेलिवरी टाइम पर नही हुई और प्रोडक्ट भी डमगेड ठा बहुत गुस्सा आ रहा है मुझे,Angry
इस प्रोडक्ट के बाद मुझे सिर्फ डिसप्पोइंटमेंट मिली है क्वालिटी बेकर है और प्रिस भी ज्यादा बहुत दुख हो रहा है मुझे,Sad
येह प्रोडक्ट बहुत ही अवेरगे है क्वालिटी थिकठक है लेकिन प्रिस काफी हिघ है कोई स्पेशियल फील नही आ रहा मुझे,Neutral
कस्टोमर सर्विस काफी बेकर है फोने ही नही उठते बहुत गुस्सा आ रहा है मुझे,Angry
मुझे येह प्रोडक्ट पसंद आया क्वालिटी काफी अच्ची है और प्रिस भी रियसोनबल है डिल से खुश हूँ मैं,Happy
इस प्रोडक्ट काफी बेकर है मैं रेफंड के लिये अप्ली किया ठा लेकिन कोई रेस्पोंस नही मिला बहुत दुख हो रहा है मुझे,Sad
वॉव येह प्रोडक्ट तोह एक्सपेक्टेशन्स से भी उपर निकला क्वालिटी टोपनोट्च है और प्रिस भी बहुत रियसोनबल है बहुत खुश हूँ मैं,Happy
डेलिवरी टाइम पर हुई और प्रोडक्ट भी इंटैक्ट ठा बहुत अच्चा लगा मुझे,Happy
इस प्रोडक्ट के फीटूरेस बहुत लिमिटेड हैं और क्वालिटी भी अवेरगे है प्रिस के हिसाब से बिलकुल भी जुस्तिफी नही होता डिसप्पोइंटेड हूँ मैं,Sad
मुझे येह प्रोडक्ट उसे कर्ते हुए कोई स्पेशियल फील नही आया क्वालिटी और प्रिस दोनो अवेरगे हैं न्यूट्रल हूँ मैं,Neutral
कस्टोमर सर्विस काफी रेस्पोंसिव है और प्रोडक्ट भी अच्चा है खुशी हो रही है मुझे,Happy
येह प्रोडक्ट बिलकुल बेकर है क्वालिटी खरब है और प्रिस भी ज्यादा है बहुत गुस्सा आ रहा है मुझे,Angry
डेलिवरी बहुत लटे हुई और प्रोडक्ट भी डमगेड ठा बहुत गुस्सा आ रहा है मुझे,Angry
इस प्रोडक्ट को खरिदने के बाद मुझे सिर्फ रेग्रेट हुआ है क्वालिटी बिलकुल बेकर है और प्रिस भी बहुत ज्यादा है बहुत दुखी हूँ मैं,Sad
मुझे येह प्रोडक्ट पसंद आया क्वालिटी मस्त है और प्रिस भी अफ़ोरदाबल है डिल से खुश हूँ मैं,Happy
वॉव क्या अमजिंग प्रोडक्ट है क्वालिटी और परफोर्मेंस दोनो ही आउटस्टैंडिंग हैं बहुत ही खुश हूँ मैं,Happy
कस्टोमर सर्विस वाले बहुत ही उनप्रोफेसियोंल हैं बहुत गुस्सा आ रहा है मुझे,Angry
येह प्रोडक्ट बिलकुल बकवास है कोई भी रिकमेंड नही करेगा बहुत गुस्सा आ रहा है मुझे,Angry
डेलिवरी टाइम पर नही हुई और प्रोडक्ट भी डमगेड ठा बहुत गुस्सा आ रहा है मुझे,Angry
मुझे येह प्रोडक्ट बोहोत पसंद आया क्वालिटी मस्त है और डेलिवरी भी टाइम पर हुई बोहोत खुश हूँ मैं,Happy
वॉव क्या अमजिंग प्रोडक्ट है क्वालिटी और फीटूरेस दोनो ही काफी एचएचए हैं बहुत खुश हूँ मैं इस पूर्चसे से,Happy
कस्टोमर सर्विस काफी बेकर है प्रोडक्ट भी डमगेड आया ठा और रेप्लेसमेंट भी लटे हुआ गुस्सा आ रहा है मुझे,Angry
येह प्रोडक्ट बिलकुल मस्त है बहुत ही अच्चा परफोर्मेंस है और प्रिस भी रियसोनबल है बहुत खुश हूँ मैं,Happy
डेलिवरी टाइम पर हुई और प्रोडक्ट भी अच्चा ठा बहुत ही खुशी हुई मुझे रिकमेंडेड है,Happy
इस प्रोडक्ट के बाद मुझे सिर्फ डिसप्पोइंटमेंट मिली है क्वालिटी बिलकुल बेकर थि और प्रिस भी ज्यादा ठा बहुत दुख हो रहा है मुझे,Sad
मुझे येह प्रोडक्ट पसंद आया क्वालिटी मस्त है और फीटूरेस भी एचएचए हैं खुशी हो रही है मुझे,Happy
प्रोडक्ट की क्वालिटी बेकर है और कस्टोमर सर्विस भी खरब है बहुत गुस्सा आ रहा है मुझे,Angry
येह प्रोडक्ट खरब है क्वालिटी बकवास है और प्रिस भी ज्यादा है मुझे बहुत गुस्सा आ रहा है,Angry
प्रोडक्ट अच्ची क्वालिटी का है लेकिन प्रिस ठोड़ा ज्यादा है ठोड़ा गुस्सा आ रहा है पर ओवरल्ल अच्चा प्रोडक्ट है,Happy
कस्टोमर सर्विस बहुत ही बेकर है प्रोडक्ट भी डेफेक्टिव ठा और रेफंड भी नही मिला गुस्सा हो रहा है मुझे,Angry
मुझे येह प्रोडक्ट बहुत पसंद आया क्वालिटी मस्त है और प्रिस भी थिक है डिल से खुश हूँ मैं,Happy
इस प्रोडक्ट का क्वालिटी इत्ना बेकर है की मुझे रोना आ रहा है बहुत घटिया एक्सपेरिएंस रहा मुझे,Sad
वॉव क्या अमजिंग प्रोडक्ट है क्वालिटी और फीटूरेस दोनो ही काफी एचएचए हैं बहुत खुश हूँ मैं,Happy\
कस्टोमर सर्विस वालों ने बिलकुल भी सुप्पोर्ट नही किया बहुत गुस्सा आ रहा है मुझे प्रोडक्ट भी डेफेक्टिव ठा,Angry
येह प्रोडक्ट बिलकुल बकवास है खरब क्वालिटी है और प्रिस भी ज्यादा है बहुत गुस्सा आ रहा है मुझे,Angry
डेलिवरी टाइम पर नही हुई और प्रोडक्ट भी डमगेड ठा बहुत गुस्सा आ रहा है मुझे,Angry
इस प्रोडक्ट के बाद मुझे सिर्फ डिसप्पोइंटमेंट मिली है क्वालिटी बेकर है और प्रिस भी ज्यादा बहुत दुख हो रहा है मुझे,Sad
मुझे येह प्रोडक्ट पसंद आया क्वालिटी थिक है और प्रिस भी रियसोनबल है खुशी हो रही है मुझे,Happy
प्रोडक्ट की क्वालिटी बेकर है और कस्टोमर सर्विस भी खरब है बहुत गुस्सा आ रहा है मुझे,Angry
येह प्रोडक्ट मस्त है बहुत ही अच्चा काम किया है कंपनी ने डिल खुश हो गया इस प्रोडक्ट से बहुत खुश हूँ मैं,Happy
डेलिवरी बहुत लटे हुई और प्रोडक्ट भी डमगेड ठा बहुत गुस्सा आ रहा है मुझे,Angry
इस प्रोडक्ट की क्वालिटी इत्नी घटिया है की मुझे रोना आ रहा है पैसा बरबाद कर दिया बहुत दुख हो रहा है मुझे,Sad
मुझे येह प्रोडक्ट बोहोत पसंद आया क्वालिटी मस्त है और डेलिवरी भी टाइम पर हुई बोहोत खुश हूँ मैं,Happy
वॉव क्या अमजिंग प्रोडक्ट है बहुत ही अच्ची क्वालिटी है और प्रिस भी काफी रियसोनबल है डिल से खुश हूँ मैं,Happy
कस्टोमर सर्विस वालों ने मुझे बिलकुल भी सुप्पोर्ट नही किया बहुत गुस्सा आ रहा है मुझे प्रोडक्ट भी डेफेक्टिव ठा,Angry
येह प्रोडक्ट बिलकुल मस्त है बहुत ही अच्चा काम किया है कंपनी ने डिल खुश हो गया इस प्रोडक्ट से बहुत खुश हूँ मैं,Happy
डेलिवरी बहुत लटे हुई और प्रोडक्ट भी डमगेड ठा बहुत गुस्सा आ रहा है मुझे,Angry
इस प्रोडक्ट को खरिदने के बाद मुझे सिर्फ डिसप्पोइंटमेंट मिली है क्वालिटी घटिया है और प्रिस भी ज्यादा बहुत दुख हो रहा है मुझे,Sad
मुझे येह प्रोडक्ट पसंद आया क्वालिटी थिक है और प्रिस भी रियसोनबल है खुशी हो रही है मुझे,Happy
प्रोडक्ट की क्वालिटी बेकर है और कस्टोमर सर्विस भी खरब है बहुत गुस्सा आ रहा है मुझे,Angry
येह प्रोडक्ट खरब है बहुत ही बकवास क्वालिटी है और प्रिस भी ज्यादा है मुझे बहुत गुस्सा आ रहा है,Angry
प्रोडक्ट अच्ची क्वालिटी की है लेकिन प्रिस ज्यादा है ठोड़ा गुस्सा आ रहा है पर खुशी भी है की क्वालिटी अछी है,Happy
कस्टोमर सर्विस बहुत ही बेकर है प्रोडक्ट भी डेफेक्टिव ठा और रेफंड भी नही मिला गुस्सा हो रहा है मुझे,Angry
मुझे येह प्रोडक्ट बहुत पसंद आया क्वालिटी मस्त है और प्रिस भी थिक है डिल से खुश हूँ मैं,Happy
इस प्रोडक्ट का क्वालिटी इत्ना बेकर है की मुझे रोना आ रहा है बहुत घटिया एक्सपेरिएंस रहा मुझे,Sad
वॉव क्या अमजिंग प्रोडक्ट है क्वालिटी बहुत अच्ची है और प्रिस भी रियसोनबल है बहुत खुश हूँ मैं,Happy
कस्टोमर सर्विस वालों ने बिलकुल भी सुप्पोर्ट नही किया बहुत गुस्सा आ रहा है मुझे प्रोडक्ट भी डेफेक्टिव ठा,Angry
येह प्रोडक्ट बिलकुल बकवास है खरब क्वालिटी है और प्रिस भी ज्यादा है बहुत गुस्सा आ रहा है मुझे,Angry
डेलिवरी टाइम पर नही हुई और प्रोडक्ट भी डमगेड ठा बहुत गुस्सा आ रहा है मुझे,Angry
इस प्रोडक्ट के बाद मुझे सिर्फ डिसप्पोइंटमेंट मिली है क्वालिटी बेकर है और प्रिस भी ज्यादा बहुत दुख हो रहा है मुझे,Sad
मुझे येह प्रोडक्ट पसंद आया क्वालिटी मस्त है और डेलिवरी भी टाइम पर हुई बोहोत खुश हूँ मैं,Happy
वॉव क्या अमजिंग प्रोडक्ट है बहुत ही अच्ची क्वालिटी है और प्रिस भी काफी रियसोनबल है डिल से खुश हूँ मैं,Happy
येह स्मार्टफोन बहुत ही बढिया है कैमेरा क्वालिटी और परफोर्मेंस दोनो काफी अछा है बोहोत खुश हूँ मैं इस पूर्चसे से,Happy
वॉव क्या अमजिंग लप्टोप है स्पीड और डिस्पलय दोनो ही काफी एचएचए हैं बहुत खुश हूँ मैं इस प्रोडक्ट से,Happy
कस्टोमर सर्विस बिलकुल बेकर है प्रोडक्ट भी डेफेक्टिव आया ठा और रेप्लेसमेंट भी लटे हुआ गुस्सा आ रहा है मुझे,Angry
येह स्मार्टवाट्च बिलकुल मस्त है बटरी बैक्यूप और फीटूरेस दोनो ही काफी इम्प्रेसिव हैं बहुत खुश हूँ मैं,Happy
डेलिवरी टाइम पर हुई और प्रोडक्ट भी अच्चा ठा बहुत ही खुशी हुई मुझे रिकमेंडेड है,Happy
इस राउटर के बाद मुझे सिर्फ डिसप्पोइंटमेंट मिली है स्पीड बिलकुल बेकर थि और प्रिस भी ज्यादा ठा बहुत दुख हो रहा है मुझे,Sad
मुझे येह एआरफोनेस पसंद आया साउंड क्वालिटी मस्त है और फिट भी अच्ची है खुशी हो रही है मुझे,Happy
गमिंग कंसोल की क्वालिटी बेकर है और कस्टोमर सर्विस भी खरब है बहुत गुस्सा आ रहा है मुझे,Angry
येह त्व खरब है पिक्चरे क्वालिटी बकवास है और प्रिस भी ज्यादा है मुझे बहुत गुस्सा आ रहा है,Angry
स्मार्ट स्पीकर अच्ची क्वालिटी का है लेकिन प्रिस ठोड़ा ज्यादा है ठोड़ा गुस्सा आ रहा है पर ओवरल्ल अच्चा प्रोडक्ट है,Happy
कस्टोमर सर्विस बहुत ही बेकर है प्रोडक्ट भी डेफेक्टिव ठा और रेफंड भी नही मिला गुस्सा हो रहा है मुझे,Angry
मुझे येह टैबलेट बहुत पसंद आया परफोर्मेंस मस्त है और प्रिस भी थिक है डिल से खुश हूँ मैं,Happy
इस मौसे का क्वालिटी इत्ना बेकर है की मुझे रोना आ रहा है बहुत घटिया एक्सपेरिएंस रहा मुझे,Sad
वॉव क्या अमजिंग कैमेरा है क्वालिटी और फीटूरेस दोनो ही काफी एचएचए हैं बहुत खुश हूँ मैं,Happy
कस्टोमर सर्विस वालों ने बिलकुल भी सुप्पोर्ट नही किया बहुत गुस्सा आ रहा है मुझे प्रोडक्ट भी डेफेक्टिव ठा,Angry
येह हेडफोनेस बिलकुल बकवास हैं खरब क्वालिटी है और प्रिस भी ज्यादा है बहुत गुस्सा आ रहा है मुझे,Angry
डेलिवरी टाइम पर नही हुई और प्रोडक्ट भी डमगेड ठा बहुत गुस्सा आ रहा है मुझे,Angry
इस मोडेम के बाद मुझे सिर्फ डिसप्पोइंटमेंट मिली है क्वालिटी बेकर है और प्रिस भी ज्यादा बहुत दुख हो रहा है मुझे,Sad
मुझे येह मोनिटर पसंद आया क्वालिटी थिक है और प्रिस भी रियसोनबल है खुशी हो रही है मुझे,Happy
प्रोडक्ट की क्वालिटी बेकर है और कस्टोमर सर्विस भी खरब है बहुत गुस्सा आ रहा है मुझे,Angry
येह स्मार्टवाट्च मस्त है बहुत ही अच्चा काम किया है कंपनी ने डिल खुश हो गया इस प्रोडक्ट से बहुत खुश हूँ मैं,Happy
डेलिवरी बहुत लटे हुई और प्रोडक्ट भी डमगेड ठा बहुत गुस्सा आ रहा है मुझे,Angry
इस स्पीकर की क्वालिटी इत्नी घटिया है की मुझे रोना आ रहा है पैसा बरबाद कर दिया बहुत दुख हो रहा है मुझे,Sad
मुझे येह प्रिंटर बोहोत पसंद आया क्वालिटी मस्त है और डेलिवरी भी टाइम पर हुई बोहोत खुश हूँ मैं,Happy
वॉव क्या अमजिंग मोनिटर है बहुत ही अच्ची क्वालिटी है और प्रिस भी काफी रियसोनबल है डिल से खुश हूँ मैं,Happy
कस्टोमर सर्विस वालों ने मुझे बिलकुल भी सुप्पोर्ट नही किया बहुत गुस्सा आ रहा है मुझे प्रोडक्ट भी डेफेक्टिव ठा,Angry
येह गमिंग कंसोल बिलकुल बकवास है खरब क्वालिटी है और प्रिस भी ज्यादा है बहुत गुस्सा आ रहा है मुझे,Angry
डेलिवरी टाइम पर नही हुई और प्रोडक्ट भी डमगेड ठा बहुत गुस्सा आ रहा है मुझे,Angry
इस केयबोर्ड के बाद मुझे सिर्फ डिसप्पोइंटमेंट मिली है क्वालिटी बेकर है और प्रिस भी ज्यादा बहुत दुख हो रहा है मुझे,Sad
मुझे येह स्स्ड पसंद आया क्वालिटी मस्त है और प्रिस भी थिक है डिल से खुश हूँ मैं,Happy
वॉव क्या अमजिंग राउटर है क्वालिटी बहुत अच्ची है और प्रिस भी रियसोनबल है बहुत खुश हूँ मैं,Happy
कस्टोमर सर्विस वालों ने बिलकुल भी सुप्पोर्ट नही किया बहुत गुस्सा आ रहा है मुझे प्रोडक्ट भी डेफेक्टिव ठा,Angry
येह लप्टोप बिलकुल बकवास है खरब क्वालिटी है और प्रिस भी ज्यादा है बहुत गुस्सा आ रहा है मुझे,Angry
डेलिवरी टाइम पर नही हुई और प्रोडक्ट भी डमगेड ठा बहुत गुस्सा आ रहा है मुझे,Angry
इस वेबकम की क्वालिटी इत्नी घटिया है की मुझे रोना आ रहा है पैसा बरबाद कर दिया बहुत दुख हो रहा है मुझे,Sad
मुझे येह राउटर बोहोत पसंद आया क्वालिटी मस्त है और डेलिवरी भी टाइम पर हुई बोहोत खुश हूँ मैं,Happy
वॉव क्या अमजिंग गमिंग कंसोल है बहुत ही अच्ची क्वालिटी है और प्रिस भी काफी रियसोनबल है डिल से खुश हूँ मैं,Happy
कस्टोमर सर्विस वालों ने मुझे बिलकुल भी सुप्पोर्ट नही किया बहुत गुस्सा आ रहा है मुझे प्रोडक्ट भी डेफेक्टिव ठा,Angry
येह हेडफोनेस बिलकुल बकवास हैं खरब क्वालिटी है और प्रिस भी ज्यादा है बहुत गुस्सा आ रहा है मुझे,Angry
डेलिवरी टाइम पर नही हुई और प्रोडक्ट भी डमगेड ठा बहुत गुस्सा आ रहा है मुझे,Angry
इस केयबोर्ड के बाद मुझे सिर्फ डिसप्पोइंटमेंट मिली है क्वालिटी बेकर है और प्रिस भी ज्यादा बहुत दुख हो रहा है मुझे,Sad
मुझे येह स्स्ड पसंद आया क्वालिटी मस्त है और प्रिस भी थिक है डिल से खुश हूँ मैं,Happy
मुझे येह बिस्क्यूइट बहुत पसंद आया स्वाड मस्त है और प्रिस भी थिक है,Happy
वॉव क्या अमजिंग चीसे है क्वालिटी और तस्ते दोनो ही काफी एचएचए हैं,Happy
दुकान का सर्विस बिलकुल बेकर है समन भी फ्रेश नही ठा और डेलिवरी भी लटे हुई गुस्सा आ रहा है मुझे,Angry
येह नूडलेस बिलकुल मस्त हैं फ्लावोर और टेक्सटूर दोनो ही काफी इम्प्रेसिव हैं बहुत खुश हूँ मैं,Happy
डेलिवरी टाइम पर हुई और समन भी अच्चा ठा बहुत ही खुशी हुई मुझे रिकमेंडेड है,Happy
इस जुइस के बाद मुझे सिर्फ डिसप्पोइंटमेंट मिली है तस्ते बिलकुल बेकर ठा और प्रिस भी ज्यादा ठा बहुत दुख हो रहा है मुझे,Sad
मुझे येह मसला पसंद आया स्वाड मस्त है और क्वालिटी भी अच्ची है खुशी हो रही है मुझे,Happy
दुकान का समन बेकर है और कस्टोमर सर्विस भी खरब है बहुत गुस्सा आ रहा है मुझे,Angry
येह ओइल खरब है क्वालिटी बकवास है और प्रिस भी ज्यादा है मुझे बहुत गुस्सा आ रहा है,Angry
चवल अच्ची क्वालिटी के हैं लेकिन प्रिस ठोड़ा ज्यादा है ठोड़ा गुस्सा आ रहा है पर ओवरल्ल अच्चा प्रोडक्ट है,Happy
दुकान का सर्विस बहुत ही बेकर है समन भी डेफेक्टिव ठा और रेफंड भी नही मिला गुस्सा हो रहा है मुझे,Angry
मुझे येह ब्रेड बहुत पसंद आया स्वाड मस्त है और प्रिस भी थिक है डिल से खुश हूँ मैं,Happy
इस दल का क्वालिटी इत्ना बेकर है की मुझे रोना आ रहा है बहुत घटिया एक्सपेरिएंस रहा मुझे,Sad
वॉव क्या अमजिंग फ्रुइट्स हैं क्वालिटी और फ्रेशनेस दोनो ही काफी अच्ची हैं बहुत खुश हूँ मैं,Happy
दुकान का सर्विस बिलकुल भी सुप्पोर्ट नही किया बहुत गुस्सा आ रहा है मुझे समन भी डेफेक्टिव ठा,Angry
येह चिप्स बिलकुल बकवास हैं खरब क्वालिटी है और प्रिस भी ज्यादा है बहुत गुस्सा आ रहा है मुझे,Angry
डेलिवरी टाइम पर नही हुई और समन भी डमगेड ठा बहुत गुस्सा आ रहा है मुझे,Angry
इस चोकोलेट के बाद मुझे सिर्फ डिसप्पोइंटमेंट मिली है क्वालिटी बेकर है और प्रिस भी ज्यादा बहुत दुख हो रहा है मुझे,Sad
मुझे येह सब्ज़ी पसंद आयी क्वालिटी थिक है और प्रिस भी रियसोनबल है खुशी हो रही है मुझे,Happy
समन की क्वालिटी बेकर है और कस्टोमर सर्विस भी खरब है बहुत गुस्सा आ रहा है मुझे,Angry
येह दही खरब है बहुत ही बकवास क्वालिटी है और प्रिस भी ज्यादा है मुझे बहुत गुस्सा आ रहा है,Angry
प्रोडक्ट अच्ची क्वालिटी का है लेकिन प्रिस ज्यादा है ठोड़ा गुस्सा आ रहा है पर खुशी भी है की क्वालिटी अछी है,Happy
दुकान का सर्विस बहुत ही बेकर है समन भी डेफेक्टिव ठा और रेफंड भी नही मिला गुस्सा हो रहा है मुझे,Angry
मुझे येह मिठाई बहुत पसंद आयी स्वाड मस्त है और प्रिस भी थिक है डिल से खुश हूँ मैं,Happy
इस चिप्स का क्वालिटी इत्ना बेकर है की मुझे रोना आ रहा है बहुत घटिया एक्सपेरिएंस रहा मुझे,Sad
वॉव क्या अमजिंग वेजेटेबल्स हैं क्वालिटी बहुत अच्ची है और प्रिस भी रियसोनबल है बहुत खुश हूँ मैं,Happy
दुकान का सर्विस बिलकुल भी सुप्पोर्ट नही किया बहुत गुस्सा आ रहा है मुझे समन भी डेफेक्टिव ठा,Angry
येह नूडलेस बिलकुल बकवास हैं खरब क्वालिटी है और प्रिस भी ज्यादा है बहुत गुस्सा आ रहा है मुझे,Angry
डेलिवरी टाइम पर नही हुई और समन भी डमगेड ठा बहुत गुस्सा आ रहा है मुझे,Angry
इस चोकोलेट के बाद मुझे सिर्फ डिसप्पोइंटमेंट मिली है क्वालिटी बेकर है और प्रिस भी ज्यादा बहुत दुख हो रहा है मुझे,Sad
मुझे येह सब्ज़ी पसंद आयी क्वालिटी थिक है और प्रिस भी रियसोनबल है खुशी हो रही है मुझे,Happy
समन की क्वालिटी बेकर है और कस्टोमर सर्विस भी खरब है बहुत गुस्सा आ रहा है मुझे,Angry
येह दही खरब है बहुत ही बकवास क्वालिटी है और प्रिस भी ज्यादा है मुझे बहुत गुस्सा आ रहा है,Angry
प्रोडक्ट अच्ची क्वालिटी का है लेकिन प्रिस ज्यादा है ठोड़ा गुस्सा आ रहा है पर खुशी भी है की क्वालिटी अछी है,Happy
दुकान का सर्विस बहुत ही बेकर है समन भी डेफेक्टिव ठा और रेफंड भी नही मिला गुस्सा हो रहा है मुझे,Angry
मुझे येह मिठाई बहुत पसंद आयी स्वाड मस्त है और प्रिस भी थिक है डिल से खुश हूँ मैं,Happy
इस चिप्स का क्वालिटी इत्ना बेकर है की मुझे रोना आ रहा है बहुत घटिया एक्सपेरिएंस रहा मुझे,Sad
वॉव क्या अमजिंग वेजेटेबल्स हैं क्वालिटी बहुत अच्ची है और प्रिस भी रियसोनबल है बहुत खुश हूँ मैं,Happy
दुकान का सर्विस बिलकुल भी सुप्पोर्ट नही किया बहुत गुस्सा आ रहा है मुझे समन भी डेफेक्टिव ठा,Angry
येह नूडलेस बिलकुल बकवास हैं खरब क्वालिटी है और प्रिस भी ज्यादा है बहुत गुस्सा आ रहा है मुझे,Angry
डेलिवरी टाइम पर नही हुई और समन भी डमगेड ठा बहुत गुस्सा आ रहा है मुझे,Angry
इस चोकोलेट के बाद मुझे सिर्फ डिसप्पोइंटमेंट मिली है क्वालिटी बेकर है और प्रिस भी ज्यादा बहुत दुख हो रहा है मुझे,Sad
मुझे येह खिलोने बहुत पसंद आये क्वालिटी मस्त है और प्रिस भी थिक है,Happy
वॉव क्या अमजिंग टॉय है डेसिग्न और फीटूरेस दोनो ही काफी एचएचए हैं,Happy
दुकान का सर्विस बिलकुल बेकर है खिलोना भी डमगेड ठा और रेप्लेसमेंट भी लटे हुआ गुस्सा आ रहा है मुझे,Angry
येह गमे बिलकुल मस्त है बहुत ही एंटरटेनिंग है और प्रिस भी रियसोनबल है बहुत खुश हूँ मैं,Happy
डेलिवरी टाइम पर हुई और टॉय भी अच्चा ठा बहुत ही खुशी हुई मुझे रिकमेंडेड है,Happy
इस पुज़्ज़ले के बाद मुझे सिर्फ डिसप्पोइंटमेंट मिली है क्वालिटी बिलकुल बेकर थि और प्रिस भी ज्यादा ठा बहुत दुख हो रहा है मुझे,Sad
मुझे येह एक्टियन फिगुरे पसंद आया क्वालिटी मस्त है और डेसिग्न भी अच्चा है खुशी हो रही है मुझे,Happy
टॉय की क्वालिटी बेकर है और दुकान का सर्विस भी खरब है बहुत गुस्सा आ रहा है मुझे,Angry
येह रेमोट कंट्रोल कैर खरब है क्वालिटी बकवास है और प्रिस भी ज्यादा है मुझे बहुत गुस्सा आ रहा है,Angry
टॉय अच्ची क्वालिटी का है लेकिन प्रिस ठोड़ा ज्यादा है ठोड़ा गुस्सा आ रहा है पर ओवरल्ल अच्चा टॉय है,Happy
दुकान का सर्विस बहुत ही बेकर है टॉय भी डेफेक्टिव ठा और एक्सचेंज भी नही मिला गुस्सा हो रहा है मुझे,Angry
मुझे येह बोआर्ड गमे बहुत पसंद आया क्वालिटी मस्त है और प्रिस भी थिक है डिल से खुश हूँ मैं,Happy
इस डॉल का क्वालिटी इत्ना बेकर है की मुझे रोना आ रहा है बहुत घटिया एक्सपेरिएंस रहा मुझे,Sad
वॉव क्या अमजिंग टॉय है डेसिग्न और फीटूरेस दोनो ही काफी एचएचए हैं बहुत खुश हूँ मैं,Happy
दुकान का सर्विस बिलकुल भी सुप्पोर्ट नही किया बहुत गुस्सा आ रहा है मुझे टॉय भी डेफेक्टिव ठा,Angry
येह पुज़्ज़ले बिलकुल बकवास है खरब क्वालिटी है और प्रिस भी ज्यादा है बहुत गुस्सा आ रहा है मुझे,Angry
डेलिवरी टाइम पर नही हुई और टॉय भी डमगेड ठा बहुत गुस्सा आ रहा है मुझे,Angry
इस टॉय के बाद मुझे सिर्फ डिसप्पोइंटमेंट मिली है क्वालिटी बेकर है और प्रिस भी ज्यादा बहुत दुख हो रहा है मुझे,Sad
मुझे येह टेड्डी बीयर पसंद आया क्वालिटी थिक है और प्रिस भी रियसोनबल है खुशी हो रही है मुझे,Happy
टॉय की क्वालिटी बेकर है और दुकान का सर्विस भी खरब है बहुत गुस्सा आ रहा है मुझे,Angry
येह बुइल्डिंग ब्लॉक्स खरब हैं बहुत ही बकवास क्वालिटी है और प्रिस भी ज्यादा है मुझे बहुत गुस्सा आ रहा है,Angry
टॉय अच्ची क्वालिटी का है लेकिन प्रिस ज्यादा है ठोड़ा गुस्सा आ रहा है पर खुशी भी है की क्वालिटी अछी है,Happy
दुकान का सर्विस बहुत ही बेकर है टॉय भी डेफेक्टिव ठा और एक्सचेंज भी नही मिला गुस्सा हो रहा है मुझे,Angry
मुझे येह रेमोट कंट्रोल कैर बहुत पसंद आयी क्वालिटी मस्त है और प्रिस भी थिक है डिल से खुश हूँ मैं,Happy
इस डॉल का क्वालिटी इत्ना बेकर है की मुझे रोना आ रहा है बहुत घटिया एक्सपेरिएंस रहा मुझे,Sad
वॉव क्या अमजिंग टॉय है डेसिग्न और फीटूरेस दोनो ही काफी एचएचए हैं बहुत खुश हूँ मैं,Happy
दुकान का सर्विस बिलकुल भी सुप्पोर्ट नही किया बहुत गुस्सा आ रहा है मुझे टॉय भी डेफेक्टिव ठा,Angry
येह पुज़्ज़ले बिलकुल बकवास है खरब क्वालिटी है और प्रिस भी ज्यादा है बहुत गुस्सा आ रहा है मुझे,Angry
डेलिवरी टाइम पर नही हुई और टॉय भी डमगेड ठा बहुत गुस्सा आ रहा है मुझे,Angry
इस टॉय के बाद मुझे सिर्फ डिसप्पोइंटमेंट मिली है क्वालिटी बेकर है और प्रिस भी ज्यादा बहुत दुख हो रहा है मुझे,Sad
मुझे येह टेड्डी बीयर पसंद आया क्वालिटी थिक है और प्रिस भी रियसोनबल है खुशी हो रही है मुझे,Happy
टॉय की क्वालिटी बेकर है और दुकान का सर्विस भी खरब है बहुत गुस्सा आ रहा है मुझे,Angry
येह बुइल्डिंग ब्लॉक्स खरब हैं बहुत ही बकवास क्वालिटी है और प्रिस भी ज्यादा है मुझे बहुत गुस्सा आ रहा है,Angry
टॉय अच्ची क्वालिटी का है लेकिन प्रिस ज्यादा है ठोड़ा गुस्सा आ रहा है पर खुशी भी है की क्वालिटी अछी है,Happy
दुकान का सर्विस बहुत ही बेकर है टॉय भी डेफेक्टिव ठा और एक्सचेंज भी नही मिला गुस्सा हो रहा है मुझे,Angry
मुझे येह रेमोट कंट्रोल कैर बहुत पसंद आयी क्वालिटी मस्त है और प्रिस भी थिक है डिल से खुश हूँ मैं,Happy
इस डॉल का क्वालिटी इत्ना बेकर है की मुझे रोना आ रहा है बहुत घटिया एक्सपेरिएंस रहा मुझे,Sad
वॉव क्या अमजिंग टॉय है डेसिग्न और फीटूरेस दोनो ही काफी एचएचए हैं बहुत खुश हूँ मैं,Happy
दुकान का सर्विस बिलकुल भी सुप्पोर्ट नही किया बहुत गुस्सा आ रहा है मुझे टॉय भी डेफेक्टिव ठा,Angry
येह पुज़्ज़ले बिलकुल बकवास है खरब क्वालिटी है और प्रिस भी ज्यादा है बहुत गुस्सा आ रहा है मुझे,Angry
डेलिवरी टाइम पर नही हुई और टॉय भी डमगेड ठा बहुत गुस्सा आ रहा है मुझे,Angry
इस टॉय के बाद मुझे सिर्फ डिसप्पोइंटमेंट मिली है क्वालिटी बेकर है और प्रिस भी ज्यादा बहुत दुख हो रहा है मुझे,Sad
